temp,humidity,wind,rainfall,risk
19.98,68.9,12.97,3.67,Low
43.03,80.7,3.45,1.12,Moderate
34.28,28.8,17.45,1.94,Extreme
28.95,64.4,12.26,0.86,Moderate
11.24,59.3,3.14,1.49,Moderate
11.24,84.1,19.25,0.62,Low
7.32,91.1,10.37,0.54,Low
39.65,6.2,1.46,1.29,Extreme
29.04,69.0,12.54,1.03,Moderate
33.32,9.9,5.06,1.3,Extreme
5.82,57.1,16.07,0.51,Moderate
43.8,32.3,16.36,0.69,Extreme
38.3,34.1,19.58,0.13,Extreme
13.49,38.5,10.04,0.08,Moderate
12.27,64.0,9.1,0.44,Moderate
12.34,36.7,15.07,0.12,Moderate
17.17,74.6,2.65,0.16,Low
25.99,43.4,10.94,2.51,High
22.28,11.5,10.92,0.06,Extreme
16.65,79.5,1.79,1.61,Low
29.47,32.1,8.36,0.48,High
10.58,46.1,17.07,3.08,Moderate
16.69,70.1,17.12,1.0,Low
19.65,36.6,1.98,0.55,High
23.24,10.4,1.81,1.09,Extreme
36.41,40.5,5.25,0.72,Extreme
12.99,94.7,17.5,1.25,Low
25.57,66.0,2.58,0.18,Moderate
28.7,68.8,14.4,8.71,Moderate
6.86,65.1,2.02,0.83,Low
29.3,23.9,12.46,0.64,High
11.82,44.7,7.12,1.86,Moderate
7.6,76.3,15.78,0.68,Low
42.96,14.6,4.67,2.69,Extreme
43.63,31.4,12.78,0.91,Extreme
37.34,31.3,4.71,1.91,Extreme
17.18,46.0,14.27,0.17,Moderate
8.91,98.1,17.47,2.81,Low
32.37,11.4,2.54,2.0,Extreme
22.61,54.3,17.33,0.36,High
9.88,22.0,11.87,0.24,High
24.81,97.2,2.54,0.57,Low
6.38,15.8,8.55,5.6,High
41.37,43.3,3.22,0.45,High
15.35,75.1,14.01,0.91,Moderate
31.5,71.9,15.18,0.05,High
17.47,45.2,2.12,0.76,Moderate
25.8,37.9,10.12,1.27,Extreme
26.87,42.8,16.29,4.59,High
12.39,30.1,18.72,1.09,Extreme
43.78,24.5,10.27,2.56,Extreme
36.01,50.9,19.01,1.19,High
42.58,30.5,10.71,0.06,Extreme
40.79,32.3,7.88,0.57,Extreme
28.92,67.4,16.96,1.29,Moderate
41.87,97.0,9.86,4.51,Moderate
8.54,62.3,9.44,2.94,Low
12.84,12.3,9.81,0.39,Extreme
6.81,12.2,16.94,0.37,High
18.01,95.4,16.64,0.34,Low
20.55,33.2,8.07,3.84,High
15.85,13.7,6.67,2.87,High
38.15,61.9,9.84,2.24,High
19.27,64.2,11.46,0.75,Low
16.24,66.6,4.77,1.05,Moderate
26.71,30.4,15.88,0.94,Extreme
10.64,6.4,9.73,0.44,Extreme
37.09,96.7,6.68,1.05,Low
7.98,28.8,2.14,0.05,High
44.48,69.2,4.78,0.21,High
35.89,72.1,18.99,3.27,High
12.95,63.0,6.1,2.09,Moderate
5.22,34.7,3.38,0.82,Moderate
37.62,30.8,9.21,1.09,Extreme
33.27,61.8,6.14,0.69,Moderate
34.16,87.3,0.7,2.03,Low
35.85,94.9,6.46,2.3,Low
7.96,15.1,10.88,2.16,High
19.34,19.7,11.03,1.92,Extreme
9.63,94.7,7.13,0.34,Low
39.52,75.0,8.95,0.62,Moderate
29.93,88.9,19.31,0.95,Low
18.24,24.3,7.55,0.6,Extreme
7.54,60.8,5.16,2.11,Low
17.44,71.6,4.87,0.6,Low
18.01,69.6,9.16,0.22,Moderate
34.18,43.8,15.19,0.76,High
30.5,6.5,4.12,5.86,Extreme
40.49,60.4,14.19,0.38,High
23.89,29.0,0.42,1.42,High
9.78,47.8,8.38,0.85,Moderate
33.53,96.0,15.52,0.11,Low
35.43,42.9,6.77,1.0,Extreme
27.45,84.8,11.27,1.82,Low
35.84,22.9,4.1,1.08,Extreme
24.75,68.9,14.84,3.08,Moderate
25.91,97.8,1.05,0.51,Low
22.1,14.7,17.05,0.14,High
6.02,5.8,3.96,4.14,High
9.32,46.2,17.49,0.71,Moderate
6.26,13.8,7.05,1.29,High
30.46,76.1,14.45,2.36,Moderate
17.57,91.9,6.38,0.59,Low
25.34,46.2,18.12,1.89,Extreme
41.3,29.6,2.53,0.22,High
14.97,46.3,3.57,0.52,Moderate
21.42,73.7,9.86,0.23,Low
35.22,5.9,1.64,2.5,Extreme
14.15,61.0,3.92,0.38,Low
8.08,63.3,18.88,1.9,Low
16.59,65.6,19.53,4.3,Moderate
11.45,28.0,7.53,1.13,High
42.19,72.8,18.47,1.16,High
37.32,13.7,10.9,0.93,Extreme
30.34,23.9,5.39,0.59,High
39.86,88.4,14.05,0.97,Moderate
37.15,75.2,13.18,1.39,High
12.46,6.3,19.78,6.4,Extreme
40.7,28.6,5.3,4.17,Extreme
26.57,25.4,13.44,2.97,Extreme
37.3,30.7,1.04,3.3,High
40.84,28.5,2.27,0.95,High
17.72,10.9,0.08,1.61,Extreme
9.4,48.6,19.99,3.38,Moderate
14.12,74.6,16.05,0.75,Low
22.08,62.6,15.73,4.9,Moderate
37.72,68.9,10.19,0.81,Moderate
39.43,12.7,6.0,1.38,Extreme
5.28,95.4,3.03,1.86,Low
25.43,84.7,5.69,4.51,Low
21.7,81.5,7.52,0.42,Low
13.88,83.2,15.13,2.06,Low
9.79,93.6,10.79,1.1,Low
18.5,56.7,1.55,0.47,Low
42.72,24.0,0.36,2.25,Extreme
17.93,63.6,2.05,1.21,Moderate
25.75,75.6,8.21,1.62,Low
33.12,75.1,18.66,0.58,High
19.55,54.5,12.75,0.98,High
43.87,11.5,16.04,1.44,Extreme
43.5,40.3,9.33,0.78,Extreme
15.07,92.5,7.23,0.33,Low
24.89,60.5,2.17,4.89,Moderate
17.04,56.1,17.52,1.07,Moderate
16.39,30.5,15.66,1.99,High
6.48,40.0,3.36,0.79,Moderate
29.38,90.1,10.25,0.66,Low
25.11,68.3,9.75,0.78,Moderate
7.06,79.8,12.5,0.79,Low
16.15,48.2,18.92,1.18,High
41.33,64.9,11.6,1.18,High
14.58,28.6,10.8,1.03,High
10.8,72.0,1.01,0.22,Low
24.58,45.6,1.26,1.03,High
44.43,47.0,3.75,0.28,Moderate
14.68,66.7,0.65,0.2,Low
31.89,93.9,14.87,4.05,Low
35.46,11.1,14.47,1.39,Extreme
14.51,83.4,2.72,1.62,Low
34.13,32.8,16.72,0.77,Extreme
19.71,47.2,3.1,3.6,Moderate
30.29,7.1,6.02,1.52,Extreme
30.34,33.6,4.98,2.2,High
26.43,52.7,7.45,0.69,High
8.61,10.3,5.09,4.83,Extreme
38.41,51.7,9.78,2.58,High
17.83,93.1,8.15,2.89,Low
12.46,15.0,19.73,0.28,Extreme
6.63,77.6,1.12,0.47,Low
28.64,43.9,2.84,0.5,High
32.1,67.2,1.06,0.47,Moderate
5.66,29.7,12.52,2.9,High
25.48,20.2,1.09,0.05,High
14.06,20.2,16.73,0.12,High
30.81,11.7,10.24,0.48,Extreme
11.97,22.6,10.54,0.33,Extreme
32.64,68.1,11.23,0.4,Moderate
20.47,88.8,3.42,2.4,Low
42.47,82.3,3.95,1.24,High
10.5,70.1,6.38,0.01,Low
18.64,15.5,11.87,0.84,Extreme
9.54,32.5,4.2,0.79,Moderate
41.99,34.4,2.33,0.18,Extreme
40.09,28.7,19.4,1.69,Extreme
15.32,53.9,0.44,1.82,Moderate
31.4,55.9,16.05,1.91,Extreme
37.69,38.9,15.76,1.96,Extreme
27.21,38.6,5.94,0.0,High
26.19,83.7,2.71,4.62,Low
14.67,80.0,2.91,2.52,Low
8.72,34.2,13.95,3.51,High
40.89,91.8,12.86,0.02,Moderate
41.02,95.5,15.65,4.07,Moderate
30.32,36.0,18.75,2.49,Extreme
18.56,38.7,13.84,2.72,High
18.97,53.0,3.12,0.15,Moderate
34.04,94.4,4.87,2.01,Low
40.88,88.3,16.84,4.83,Moderate
40.48,14.7,4.19,1.7,Extreme
36.2,42.3,1.45,1.27,High
30.68,57.6,14.07,4.37,High
8.37,52.8,8.05,0.88,Moderate
11.47,23.4,18.4,1.37,Extreme
40.94,86.6,13.01,0.97,High
29.26,69.3,1.81,4.05,Moderate
5.37,84.6,18.96,0.12,Low
9.06,86.6,5.17,1.04,Low
31.54,76.1,6.74,1.74,Moderate
5.2,46.7,8.05,2.35,Moderate
11.43,63.0,1.02,1.31,Low
26.95,20.2,9.93,3.59,Extreme
32.68,69.0,2.47,4.27,Moderate
31.08,22.0,8.02,0.1,Extreme
13.97,70.9,7.01,0.77,Moderate
33.49,26.8,15.46,0.04,Extreme
14.49,16.2,16.06,0.6,Extreme
18.02,20.7,3.07,1.15,High
34.86,5.2,7.33,3.63,Extreme
30.99,73.3,7.47,2.81,Moderate
38.97,74.6,3.03,0.2,Moderate
31.3,53.9,15.97,0.15,High
27.73,20.3,14.14,1.33,High
8.75,12.9,3.81,1.14,High
19.71,6.8,7.33,0.46,Extreme
15.61,20.7,2.12,3.45,High
14.76,89.6,12.56,3.93,Low
43.92,27.9,2.43,0.77,Extreme
20.72,38.7,19.72,3.32,High
40.68,15.0,15.61,0.73,Extreme
30.25,26.1,7.8,2.0,High
36.79,54.3,11.57,0.97,Extreme
25.11,62.7,18.23,0.2,Moderate
28.08,28.3,11.08,3.95,High
24.7,10.5,3.49,0.91,Extreme
12.81,42.1,7.57,1.99,Low
33.9,27.2,16.86,0.69,Extreme
16.23,25.9,12.88,0.03,High
5.97,96.2,13.01,0.16,Low
30.82,63.5,17.34,1.03,High
12.08,57.9,17.88,1.76,Moderate
42.62,44.5,18.4,0.61,Extreme
43.16,45.7,1.9,1.78,High
41.59,56.4,10.88,1.8,High
19.81,71.2,14.81,1.83,Low
5.62,71.7,15.14,1.02,Low
42.13,21.3,12.13,3.7,Extreme
22.13,52.5,3.34,1.01,High
43.67,44.1,15.95,0.9,High
43.54,87.7,14.4,0.33,Moderate
39.12,65.0,1.72,0.55,High
16.78,55.6,9.28,0.06,Moderate
20.4,16.0,3.48,1.51,Extreme
39.05,62.5,6.75,0.43,High
17.68,16.1,0.36,0.54,High
11.78,37.0,8.01,2.21,High
27.27,18.6,11.0,0.59,Extreme
42.45,70.7,12.39,0.42,Moderate
32.84,24.6,13.27,0.28,Extreme
27.8,42.2,16.73,2.24,High
8.89,90.1,4.31,0.21,Low
29.6,24.4,2.41,0.91,High
44.6,53.2,17.03,1.06,Extreme
10.6,44.8,3.13,1.74,Moderate
25.73,6.7,19.5,1.5,Extreme
40.09,80.3,16.85,2.5,Moderate
34.63,11.6,10.02,0.07,Extreme
32.88,50.1,19.63,0.53,Extreme
33.1,58.3,1.95,0.49,Moderate
19.38,64.7,6.06,0.24,Low
16.74,70.4,12.76,0.51,Moderate
37.37,29.1,7.0,0.56,Extreme
37.4,5.9,18.57,1.11,Extreme
39.68,73.7,1.31,1.63,Moderate
41.53,55.9,10.99,0.72,High
25.45,84.4,11.82,1.91,Low
25.06,83.0,13.05,0.61,Low
36.93,85.1,5.11,0.51,Low
31.0,51.1,7.29,1.17,High
33.08,36.7,16.87,0.04,High
36.83,80.2,3.9,0.12,Moderate
40.6,47.9,16.54,0.81,Extreme
18.52,22.4,11.25,4.29,High
20.02,86.2,15.24,1.92,Moderate
8.76,88.8,14.27,0.14,Low
28.13,49.3,4.15,2.81,High
6.44,12.2,11.38,1.98,High
23.62,41.8,17.35,1.42,Extreme
26.71,81.3,8.64,2.57,Moderate
16.46,90.7,19.33,0.78,Low
28.63,24.3,9.04,0.38,High
6.22,11.4,2.86,1.08,Moderate
6.49,88.3,7.79,1.19,Low
37.9,42.0,19.03,1.16,Extreme
19.41,56.5,6.39,1.25,Moderate
10.08,97.0,17.36,4.46,Low
25.89,11.3,17.63,3.49,Extreme
35.8,66.6,7.0,3.13,Moderate
13.63,12.0,1.67,2.42,Extreme
29.92,40.7,14.49,4.31,High
8.41,81.4,6.23,0.16,Low
7.07,46.2,15.66,0.46,Moderate
26.25,99.7,8.85,1.02,Low
26.63,58.1,9.71,2.81,Moderate
30.5,35.5,15.56,1.06,Extreme
34.04,25.9,7.65,2.07,Extreme
44.03,38.3,8.86,0.22,Extreme
25.65,40.4,7.52,0.44,High
17.92,11.5,7.35,1.97,High
36.81,40.1,10.52,0.27,High
15.83,49.1,16.18,0.65,Moderate
22.56,73.7,7.24,0.46,Moderate
8.14,67.4,10.49,0.65,Low
6.01,72.3,13.41,1.85,Low
43.51,5.8,5.39,0.69,Extreme
38.44,25.7,5.55,1.22,Extreme
32.84,67.9,18.67,0.16,High
21.36,51.0,14.47,2.45,High
11.93,5.5,11.54,0.69,High
11.26,81.4,12.95,1.57,Low
15.01,78.4,0.59,1.94,Low
26.97,57.1,12.36,0.35,Moderate
33.58,11.3,10.19,3.24,Extreme
31.41,77.8,10.91,1.44,Moderate
16.2,60.5,7.19,0.84,Moderate
43.19,79.3,1.63,0.3,Moderate
34.52,76.4,3.87,4.28,Moderate
27.17,81.3,19.01,2.11,Moderate
29.47,54.2,8.17,0.35,High
21.78,18.3,9.33,0.62,Extreme
14.91,68.8,1.05,2.49,Low
19.24,63.9,0.75,1.78,Low
35.31,75.5,14.34,2.18,Moderate
5.58,21.1,10.76,0.87,Moderate
9.64,23.5,10.17,1.89,High
6.84,89.6,4.86,0.73,Low
6.63,76.2,14.9,0.36,Moderate
39.22,91.3,3.36,1.5,Low
33.15,77.1,3.8,5.6,Low
23.97,61.7,9.21,0.56,Moderate
8.91,67.1,5.73,0.93,Low
24.66,89.5,4.95,1.68,Low
23.94,60.0,12.9,1.17,Moderate
11.93,65.1,13.02,2.78,Low
22.35,19.9,16.49,2.15,Extreme
20.94,50.0,8.35,0.09,Moderate
29.63,73.1,1.46,9.68,Low
30.4,30.7,5.47,2.09,High
6.81,24.2,19.6,2.99,High
19.98,34.8,11.93,1.58,Extreme
30.03,27.9,14.19,2.91,Extreme
25.13,25.4,0.15,0.18,Extreme
39.26,45.4,10.36,0.64,High
31.35,91.2,0.75,3.14,Low
11.52,53.2,11.38,0.34,Low
7.82,22.9,18.42,0.12,High
30.7,12.3,19.37,2.33,Extreme
6.06,71.1,10.81,2.71,Low
28.43,41.4,9.16,0.27,High
42.61,83.1,18.9,2.89,Moderate
28.02,67.7,13.47,1.74,Moderate
20.53,80.6,1.3,1.1,Low
30.73,30.8,9.31,2.66,Extreme
23.33,70.8,4.8,0.82,Low
26.82,30.1,9.4,0.32,Extreme
42.66,94.2,9.11,0.5,Moderate
20.44,65.5,11.64,1.06,Moderate
43.45,35.8,7.14,1.14,High
41.21,30.6,3.29,2.46,Extreme
12.83,23.1,10.07,2.35,High
7.77,71.0,16.6,1.31,Low
9.03,25.8,13.28,2.28,High
5.73,61.6,6.77,0.32,Low
8.78,30.1,18.71,0.08,High
32.32,67.9,18.24,3.1,Moderate
7.85,82.4,4.19,0.12,Low
17.76,78.9,0.79,0.42,Low
38.8,77.3,14.83,1.78,High
5.93,22.8,16.55,0.79,High
37.58,13.4,19.36,3.14,Extreme
16.27,71.4,17.8,0.53,Low
9.73,40.0,12.01,0.02,Moderate
32.87,46.1,10.6,0.54,High
30.16,8.0,0.56,1.29,Extreme
40.1,29.7,4.93,0.71,Extreme
34.4,8.2,9.19,1.15,Extreme
37.14,88.5,12.57,3.14,Moderate
16.28,28.1,11.15,3.65,High
12.1,57.9,14.85,0.46,Low
35.02,8.7,5.6,0.93,Extreme
37.27,68.4,11.3,1.19,High
44.62,35.7,1.76,4.47,High
21.5,90.3,8.27,9.88,Low
19.88,89.4,15.0,0.4,Low
36.06,35.9,13.87,1.95,Extreme
18.63,90.6,19.81,0.71,Low
42.23,99.6,5.56,0.01,Low
39.34,83.4,9.96,0.01,Moderate
22.16,85.3,6.59,0.93,Low
35.03,28.7,8.81,1.01,Extreme
35.18,59.8,17.14,0.03,High
9.12,11.4,13.68,1.74,Extreme
41.1,14.0,17.65,0.52,Extreme
25.21,99.9,4.07,1.23,Low
38.06,36.0,17.47,0.54,Extreme
17.8,76.1,1.2,0.27,Low
40.82,81.6,17.77,0.78,Moderate
20.57,86.5,6.58,0.4,Low
5.43,99.8,6.29,1.15,Low
41.22,27.9,10.24,0.33,Extreme
8.65,8.8,18.81,1.07,Extreme
17.77,44.1,0.96,0.26,Moderate
43.0,17.4,7.04,1.67,Extreme
43.02,7.1,17.13,2.1,Extreme
27.94,39.2,7.92,0.18,High
30.27,79.5,3.98,0.95,Moderate
22.94,58.8,8.5,0.11,Moderate
16.73,34.7,7.71,1.37,High
18.15,67.2,18.31,0.46,Moderate
31.9,27.0,15.24,1.12,Extreme
35.09,6.4,10.1,1.09,Extreme
36.66,77.6,19.77,3.87,Moderate
36.58,64.3,9.31,1.19,High
8.65,77.4,1.16,1.31,Low
24.78,8.7,5.25,0.77,Extreme
7.3,84.5,8.72,4.47,Low
26.98,63.9,3.14,2.25,Low
22.66,58.5,18.95,0.5,Moderate
40.51,64.3,15.34,2.79,Extreme
19.04,87.1,5.37,0.85,Low
9.68,60.8,11.82,2.65,Low
10.72,60.2,14.43,2.6,Low
35.46,99.1,18.83,0.31,Moderate
29.73,76.9,17.63,1.81,Moderate
9.04,47.0,10.3,0.52,Moderate
8.36,72.2,15.49,0.53,Low
33.04,42.0,11.24,0.53,High
7.91,26.7,11.05,1.94,High
37.87,61.7,2.29,0.39,Moderate
33.25,93.2,2.52,0.0,Moderate
8.25,93.3,10.59,1.88,Low
8.39,37.5,5.38,0.28,Moderate
44.47,55.1,0.42,0.17,High
19.97,25.1,14.46,0.41,Extreme
19.83,99.6,0.65,0.72,Low
37.51,98.2,11.91,0.97,Low
42.89,66.7,10.78,0.07,High
44.44,81.4,19.38,5.29,High
35.14,72.9,9.68,1.89,High
20.05,61.4,1.27,0.59,Moderate
8.34,10.1,11.03,0.58,Extreme
36.09,48.2,16.82,0.89,High
27.34,69.1,19.94,1.48,Moderate
21.97,69.4,8.61,0.24,Moderate
41.25,40.4,6.41,0.31,High
9.45,94.5,18.13,2.94,Low
24.71,20.9,3.82,0.44,Extreme
5.45,52.5,12.31,0.72,Moderate
23.75,70.6,8.11,3.08,Moderate
7.25,71.2,0.82,1.63,Low
9.75,66.6,6.95,0.63,Moderate
9.7,31.2,5.3,1.73,Moderate
30.97,19.8,13.72,0.03,Extreme
34.84,65.4,18.98,2.0,High
28.33,61.9,5.36,1.0,Moderate
43.49,22.0,16.23,2.52,Extreme
19.99,72.0,1.11,4.64,Low
16.43,48.2,10.76,3.9,Moderate
39.74,68.4,1.41,3.6,Moderate
13.94,84.5,18.68,1.08,Low
43.53,21.1,15.33,0.67,Extreme
5.49,6.8,13.16,0.94,High
43.8,79.0,16.48,1.76,High
6.73,62.9,12.95,3.23,Low
40.65,71.5,19.38,0.35,High
26.11,84.6,14.28,3.76,Low
44.72,81.3,18.49,2.53,Moderate
7.95,96.3,10.34,5.78,Low
27.15,55.9,2.34,3.18,Moderate
43.77,51.4,10.56,0.49,High
25.92,43.2,2.54,0.17,Moderate
30.18,19.6,11.85,0.18,Extreme
32.83,59.4,9.65,0.52,Moderate
23.18,31.3,12.45,1.43,High
30.1,92.5,0.2,2.45,Low
28.37,60.4,3.9,3.44,Moderate
41.05,61.3,9.83,1.47,High
6.82,38.7,19.01,0.01,Moderate
16.24,9.9,7.67,0.31,High
43.02,8.0,8.49,0.16,Extreme
40.61,45.2,14.29,0.68,Extreme
23.23,13.0,12.08,1.04,Extreme
29.81,62.7,5.98,0.07,High
16.1,88.7,8.22,0.64,Low
12.52,88.9,4.35,0.3,Low
23.55,67.6,19.32,1.56,Low
19.13,25.1,2.61,0.94,High
28.35,87.0,7.44,1.03,Low
8.11,89.2,0.52,0.84,Low
43.98,23.7,4.44,4.69,Extreme
44.45,75.1,15.61,0.36,High
32.93,32.2,4.02,1.09,High
26.44,81.3,1.6,2.0,Low
17.38,99.7,9.49,1.22,Low
37.55,7.9,0.2,3.97,Extreme
32.39,90.2,1.7,0.71,Low
11.5,64.1,16.15,0.93,Low
41.44,97.5,15.43,0.14,Moderate
37.9,49.2,18.3,1.41,Extreme
42.99,85.5,17.09,0.51,Moderate
34.03,10.9,13.66,0.26,Extreme
29.54,36.9,1.05,1.18,High
21.73,11.4,15.66,1.14,Extreme
42.31,97.7,16.91,0.12,High
39.64,82.6,15.98,1.8,Moderate
6.81,86.0,10.17,1.47,Low
6.05,94.1,4.66,0.31,Low
20.06,13.1,16.91,0.95,Extreme
37.42,41.6,14.54,1.91,High
44.49,11.7,19.62,1.13,Extreme
11.02,25.0,3.11,0.76,High
28.77,26.8,4.51,0.58,Extreme
20.24,49.6,4.24,1.41,Moderate
43.8,30.5,15.85,4.2,Extreme
38.68,14.6,3.74,1.67,Extreme
38.53,20.9,1.33,0.12,Extreme
23.75,19.0,19.97,0.93,Extreme
21.59,97.4,0.5,3.32,Low
15.94,77.1,16.7,0.15,Low
7.26,96.9,7.31,6.75,Low
39.59,46.8,16.83,4.47,High
37.52,31.4,11.09,0.12,Extreme
44.99,80.8,18.03,4.06,High
44.87,36.0,18.52,0.68,Extreme
27.22,33.4,0.18,2.79,High
35.76,27.1,1.51,0.81,Extreme
42.79,17.3,5.01,0.87,Extreme
38.99,29.4,13.39,1.51,Extreme
14.89,38.8,17.77,2.23,High
23.02,69.0,9.2,0.05,Moderate
10.17,10.9,12.14,1.35,Extreme
43.16,25.0,3.77,0.31,Extreme
29.25,81.9,16.1,0.64,Low
14.15,19.0,19.35,0.64,Extreme
31.87,37.6,5.37,0.95,Extreme
29.73,87.1,9.9,0.61,Low
19.33,19.7,1.72,0.17,High
9.54,12.9,11.18,0.24,Extreme
31.86,51.0,10.06,0.05,High
25.81,33.7,2.89,0.95,High
35.89,58.5,8.84,4.63,Moderate
25.81,81.4,6.68,0.18,Low
39.09,18.0,10.44,4.39,Extreme
27.08,60.2,11.71,1.98,High
27.44,53.0,0.17,1.52,Moderate
40.07,18.7,15.22,1.55,Extreme
21.14,64.3,14.26,2.63,Moderate
10.36,31.0,7.33,0.17,Moderate
6.15,51.3,1.06,1.05,Moderate
35.21,12.8,15.1,1.79,Extreme
29.81,48.7,19.1,1.33,Extreme
33.16,34.1,4.8,2.68,High
13.52,83.1,6.47,0.11,Low
10.45,10.4,3.68,1.76,Extreme
5.58,44.8,11.54,1.15,Moderate
19.02,48.6,3.1,0.72,Moderate
28.6,73.9,7.12,0.62,Moderate
20.69,59.6,13.94,1.45,Moderate
22.5,68.4,11.2,3.32,High
41.17,78.8,7.73,1.03,High
18.93,86.9,8.4,2.61,Low
25.56,34.8,11.24,0.77,Extreme
36.35,56.1,0.12,0.16,High
20.86,84.8,1.57,0.1,Low
29.88,99.0,17.63,0.08,Moderate
39.49,89.5,1.56,0.72,Low
42.98,40.3,14.14,0.62,Extreme
10.88,23.5,18.4,1.9,High
42.06,51.5,5.41,2.04,High
24.68,75.5,7.41,0.08,Moderate
15.33,51.8,11.38,0.37,High
23.37,50.9,17.63,0.48,High
44.2,84.6,18.84,1.19,Moderate
24.7,39.3,14.79,0.23,Moderate
18.15,86.7,1.73,0.22,Low
30.34,43.6,13.38,4.32,High
14.61,36.2,8.21,2.45,Moderate
8.03,48.1,9.41,0.3,Moderate
10.16,77.4,0.98,0.78,Low
10.12,17.0,3.82,0.66,High
11.08,23.7,15.81,2.35,High
10.55,95.4,9.08,1.07,Low
30.63,21.7,6.03,0.21,Extreme
12.28,58.9,7.68,2.01,Low
18.83,60.0,17.09,0.76,Moderate
40.87,51.5,14.98,0.46,Extreme
23.96,66.3,5.45,0.71,Moderate
31.7,26.8,2.35,1.03,Extreme
11.89,57.5,5.04,0.63,Moderate
12.69,40.4,18.42,0.42,Moderate
6.63,67.9,11.63,0.76,Low
11.76,18.4,10.67,0.03,High
16.14,59.2,11.93,2.22,Low
12.08,22.6,7.32,0.28,High
8.55,31.5,16.14,0.07,High
9.83,25.8,10.47,1.59,High
23.43,22.4,2.33,2.23,High
13.25,83.4,2.58,2.52,Low
19.57,32.1,10.74,1.02,Moderate
25.14,93.1,18.73,0.34,Low
32.62,97.1,6.17,2.0,Low
6.57,59.3,17.39,1.8,Moderate
36.98,18.6,15.28,0.42,Extreme
30.12,40.6,4.96,3.51,Moderate
8.27,80.8,0.73,0.17,Low
39.94,39.9,2.04,6.08,High
41.83,13.3,14.57,2.95,Extreme
7.44,57.9,3.99,1.75,Low
16.08,85.3,7.43,4.19,Low
37.25,80.6,10.03,1.92,Moderate
34.93,21.6,14.51,0.32,Extreme
12.38,68.9,2.26,0.88,Low
13.37,25.9,8.13,0.11,High
19.82,25.7,9.7,0.74,Extreme
24.38,88.0,10.82,2.03,Low
29.73,28.7,16.37,0.73,Extreme
19.76,30.0,3.43,0.6,Moderate
23.5,5.1,16.16,1.36,Extreme
34.9,87.7,13.86,3.09,Low
6.47,80.3,11.12,0.07,Low
15.1,64.6,13.99,0.73,Low
33.53,76.3,8.24,0.26,Moderate
40.81,19.4,2.77,1.78,Extreme
25.47,48.5,13.32,0.17,High
26.28,38.4,10.49,1.64,High
9.29,13.9,12.79,0.51,High
22.9,51.2,6.76,0.33,Moderate
26.3,92.5,18.14,4.13,Moderate
14.7,8.8,11.75,0.03,Extreme
15.77,32.7,1.71,0.86,Moderate
20.09,24.7,9.0,0.03,High
5.8,27.6,15.13,0.99,Moderate
17.88,91.3,15.88,1.04,Low
13.46,49.5,9.89,0.58,Moderate
18.1,49.3,17.89,0.21,High
9.79,77.3,5.35,0.71,Low
40.62,19.7,8.21,1.67,Extreme
28.74,51.3,17.97,2.29,High
32.16,45.8,17.93,1.13,High
36.57,61.7,13.71,1.34,High
24.94,100.0,17.18,0.34,Low
8.48,78.1,1.78,0.51,Low
26.48,42.8,17.3,0.26,High
28.47,83.6,6.41,0.43,Low
34.82,21.2,3.57,0.38,Extreme
22.27,7.9,4.79,1.1,Extreme
10.1,24.4,8.36,1.24,High
16.35,37.3,5.02,4.35,Moderate
19.52,53.5,6.41,0.33,High
30.84,63.4,2.7,1.54,Moderate
27.83,91.5,5.92,2.55,Moderate
19.24,53.4,11.45,1.23,Moderate
44.46,52.6,8.84,0.44,High
29.23,9.8,6.93,0.46,Extreme
14.49,8.3,14.93,0.06,Extreme
9.07,57.4,17.87,0.55,Moderate
11.11,46.6,15.14,2.05,Moderate
14.84,84.7,6.64,0.07,Low
11.43,20.3,14.89,0.37,High
12.46,7.4,3.04,1.84,Extreme
16.4,47.7,2.61,2.29,Moderate
11.93,27.6,6.91,0.91,High
40.87,9.7,16.15,1.8,Extreme
8.21,73.8,4.93,0.74,Low
25.98,15.6,1.27,0.26,Extreme
21.42,62.8,2.63,0.76,Moderate
44.3,31.7,17.17,1.3,High
9.48,21.5,12.68,4.44,High
20.91,41.1,5.06,0.11,Moderate
43.78,81.1,11.11,1.06,Moderate
39.62,42.2,10.55,0.6,High
37.68,76.3,13.11,1.06,Moderate
15.32,16.9,4.66,0.04,High
11.84,78.4,17.29,0.56,Low
31.75,27.5,6.19,2.57,High
42.18,69.4,13.88,1.21,Moderate
27.27,58.7,0.32,0.9,Low
27.86,93.3,7.45,0.5,Low
16.2,41.8,7.03,0.53,Moderate
35.78,11.3,10.87,0.72,Extreme
12.48,6.8,1.45,2.71,Extreme
17.95,83.6,15.8,5.13,Low
22.02,54.8,4.36,0.87,Moderate
25.3,78.6,13.54,0.75,Moderate
14.7,27.3,16.06,2.81,Extreme
9.59,37.8,11.24,0.84,Moderate
29.42,7.9,14.82,1.2,Extreme
16.55,96.3,13.24,0.39,Low
28.25,68.4,7.11,2.04,Moderate
11.17,93.7,16.18,1.14,Low
24.25,30.2,5.89,2.48,High
26.3,63.1,11.42,2.28,Moderate
7.07,69.5,14.91,0.36,Low
18.46,35.2,7.58,1.89,High
10.38,85.6,6.06,2.41,Low
7.53,95.0,9.19,0.64,Low
44.6,89.1,16.36,0.28,Moderate
17.89,75.2,18.6,0.0,Moderate
37.39,31.4,10.9,0.9,Extreme
15.19,31.8,13.23,0.65,Moderate
32.26,96.5,18.07,1.21,Low
35.41,6.0,1.97,0.31,Extreme
28.83,73.0,4.64,2.95,Moderate
23.86,72.1,14.18,0.45,Low
21.47,64.2,16.47,0.39,Moderate
18.95,99.1,17.14,0.98,Low
42.18,34.6,8.3,1.04,Extreme
38.22,37.3,1.79,0.36,High
43.6,12.5,8.76,0.48,Extreme
9.97,47.1,4.61,0.28,High
34.23,29.8,5.82,1.9,Extreme
42.53,37.6,15.45,2.21,Extreme
12.25,84.3,1.51,0.93,Low
7.66,93.9,16.55,1.88,Low
34.64,22.6,8.55,2.0,Extreme
27.98,40.4,11.92,0.22,High
38.67,93.2,1.79,5.08,Low
10.59,10.9,6.75,2.58,Extreme
36.81,13.8,1.79,0.34,Extreme
13.07,20.5,19.23,0.31,High
11.55,61.5,16.15,0.2,Moderate
11.57,19.3,9.19,0.22,Extreme
37.58,97.0,4.47,2.07,Low
31.61,47.4,18.67,0.95,High
25.92,52.6,6.89,2.29,Extreme
19.35,28.4,3.22,2.06,Moderate
40.09,49.7,11.26,1.39,High
20.7,67.9,18.88,1.74,Moderate
37.66,76.4,0.08,0.03,High
22.57,76.6,4.76,0.56,Low
20.08,59.9,18.77,1.52,Moderate
23.51,90.9,3.42,0.01,Low
17.06,82.7,2.26,0.05,Low
34.9,76.9,11.4,2.86,Moderate
25.11,10.3,17.24,1.73,Extreme
14.29,5.7,9.54,0.46,Extreme
40.98,25.2,19.89,1.75,Extreme
20.36,68.0,13.58,2.36,Moderate
26.74,44.1,1.48,0.55,High
41.26,43.2,19.86,0.06,Extreme
29.97,89.0,8.16,4.05,Low
9.68,90.1,5.75,0.64,Low
42.59,91.4,11.16,0.17,Moderate
30.11,34.8,6.09,1.02,High
18.4,70.7,1.73,2.19,Moderate
10.57,30.8,0.03,0.38,High
36.76,23.1,8.99,0.47,Extreme
29.8,22.5,16.74,0.42,Extreme
26.34,37.5,11.45,7.18,High
40.76,45.8,19.98,0.33,Extreme
36.54,83.9,5.74,1.29,Moderate
11.07,16.4,5.61,3.89,High
17.47,74.8,3.19,0.24,Low
14.94,55.5,3.28,5.3,Low
34.76,32.4,5.7,4.42,High
6.34,51.8,15.86,3.24,Moderate
27.8,33.5,18.12,0.36,Moderate
35.5,61.6,19.5,1.51,Extreme
40.07,46.2,4.65,2.15,High
18.68,20.6,17.63,6.41,Extreme
37.85,16.1,6.57,0.3,Extreme
9.43,56.9,2.26,2.18,Low
38.86,90.7,17.4,0.62,Moderate
10.1,37.7,12.72,0.29,High
20.89,74.6,3.29,0.82,Moderate
36.89,67.6,8.6,2.37,Moderate
11.0,93.5,5.75,0.94,Low
14.17,83.0,14.74,1.16,Low
33.89,58.8,9.07,8.0,Moderate
33.8,67.4,19.79,0.76,High
30.65,90.3,1.09,1.43,Low
32.76,43.0,7.1,0.68,High
26.71,36.0,9.64,0.75,High
15.07,6.0,10.06,1.78,High
18.83,83.5,6.32,4.17,Low
12.26,81.1,14.58,1.17,Low
41.34,14.9,17.49,2.19,Extreme
28.34,59.8,18.77,0.14,Moderate
21.03,49.1,16.1,0.36,High
23.48,16.3,17.01,1.05,Extreme
42.89,98.2,11.01,0.03,Low
11.13,25.4,16.52,0.44,High
28.45,11.4,6.07,1.09,Extreme
25.24,61.5,7.97,0.02,High
29.46,75.2,6.34,0.46,Low
5.72,8.1,9.35,1.08,High
39.88,67.6,5.71,1.28,High
42.28,55.6,19.23,3.9,Extreme
27.61,14.8,6.26,1.55,Extreme
32.87,21.4,1.96,0.8,Extreme
41.9,59.0,10.54,4.0,High
33.29,33.2,1.14,2.3,Extreme
11.1,94.1,2.21,0.33,Low
28.05,82.8,4.39,0.21,Low
29.27,98.4,9.29,1.69,Low
21.97,29.7,8.67,1.23,Extreme
34.46,97.1,15.99,2.34,Low
42.37,46.0,14.79,2.01,Extreme
42.02,38.0,8.53,1.47,Extreme
23.03,9.8,6.67,6.44,Extreme
9.53,10.0,6.33,1.14,Extreme
44.39,70.7,15.48,0.18,High
38.56,48.5,1.04,2.64,High
9.99,26.5,0.26,0.44,High
41.83,63.3,15.91,2.25,High
39.8,29.0,9.54,4.72,Extreme
25.75,59.9,2.62,1.79,Moderate
28.65,39.1,4.71,1.36,High
20.96,83.2,18.65,0.93,Moderate
7.19,83.0,17.19,0.68,Low
18.41,50.3,14.2,0.65,Moderate
37.11,38.3,9.64,1.52,Extreme
5.19,39.4,10.41,2.09,High
18.34,81.5,19.5,1.7,Low
20.93,36.2,19.32,0.33,Extreme
26.5,24.9,4.31,1.02,Extreme
41.79,13.0,16.22,2.35,Extreme
18.85,49.3,3.94,0.97,Moderate
18.88,50.8,4.27,1.15,High
34.5,84.9,13.52,2.21,Moderate
23.09,26.0,8.1,1.62,High
13.98,41.2,18.63,0.79,High
23.1,81.8,1.78,3.39,Low
10.63,83.2,10.23,0.27,Low
12.06,41.5,18.37,8.11,High
24.93,48.6,18.08,0.19,High
21.76,33.8,3.13,0.02,High
41.59,93.6,7.33,3.31,Low
19.5,16.3,12.38,0.42,Extreme
28.22,93.7,3.19,1.96,Low
30.29,70.0,19.36,2.5,Moderate
5.52,55.5,18.29,2.94,Low
31.54,8.1,3.34,7.17,Extreme
12.12,50.2,2.42,0.52,Moderate
43.44,43.7,1.71,1.86,High
10.95,20.3,18.19,0.18,Moderate
21.58,67.4,3.87,0.78,Moderate
8.41,97.3,8.33,2.83,Low
44.87,58.4,8.98,0.69,High
25.09,72.9,11.98,1.34,High
28.82,11.5,1.43,1.05,Extreme
7.68,44.7,4.54,1.56,High
35.0,16.1,18.63,5.41,Extreme
13.4,63.2,18.17,0.09,Moderate
40.92,94.2,15.63,1.28,Low
13.21,67.9,0.39,2.98,Low
12.63,12.3,6.54,0.98,Extreme
6.46,38.7,12.56,0.12,Moderate
23.88,57.3,5.5,1.23,Moderate
27.59,43.3,18.19,0.61,High
7.63,84.2,12.68,0.25,Low
36.02,82.4,1.44,2.84,Low
23.13,63.1,18.18,1.11,High
25.98,40.5,19.16,4.06,High
22.63,29.3,1.55,2.46,High
21.03,15.1,10.65,1.77,Extreme
27.39,38.7,6.07,0.01,Moderate
11.21,44.3,7.86,0.84,High
12.28,69.2,3.59,0.33,Moderate
39.47,67.5,11.56,3.63,High
42.84,11.7,19.16,0.29,Extreme
19.93,42.5,10.06,0.51,High
15.83,22.3,1.66,1.09,High
30.76,19.9,12.4,0.46,Extreme
21.35,83.6,6.8,0.35,Low
6.02,9.0,17.12,1.37,Extreme
11.25,44.8,8.69,0.14,Moderate
33.64,21.0,3.86,0.09,Extreme
31.36,88.5,3.82,0.7,Moderate
6.08,57.9,15.38,1.91,Low
13.88,27.0,5.31,1.21,High
14.24,52.7,15.34,0.82,High
31.88,74.5,4.12,1.25,Moderate
5.79,96.0,6.43,0.68,Low
9.16,25.9,9.31,4.13,High
37.0,89.2,18.86,0.08,Moderate
12.14,93.8,18.63,1.68,Low
31.11,92.1,4.14,3.33,Low
14.53,65.4,7.16,2.44,Low
8.98,64.8,2.99,0.31,Low
14.73,43.3,10.2,0.53,Moderate
33.89,76.5,9.21,1.89,Moderate
39.23,55.5,18.02,0.13,High
38.21,69.4,18.6,2.51,High
20.89,45.7,7.67,1.9,Moderate
31.72,74.5,9.83,1.96,Moderate
13.2,83.3,17.92,0.16,Moderate
16.73,18.9,16.13,1.9,Extreme
40.85,84.1,0.07,1.71,Low
5.52,56.3,6.4,2.67,Low
8.42,85.2,8.44,0.06,Low
13.32,46.0,4.59,0.04,Moderate
6.06,41.0,3.99,0.7,Low
12.26,91.9,0.76,0.24,Low
28.32,28.9,12.87,1.23,Extreme
21.86,85.2,5.25,3.74,Low
40.71,51.0,1.05,0.75,Moderate
37.7,53.8,4.62,2.8,High
18.67,34.3,16.04,0.0,High
15.38,59.4,17.03,0.28,Moderate
20.19,35.9,9.66,0.05,High
28.61,8.7,8.32,0.6,Extreme
15.72,30.8,19.56,3.58,High
29.97,5.6,4.01,0.15,Extreme
21.38,97.9,4.31,1.4,Low
27.08,96.7,5.84,0.9,Low
22.45,42.5,3.46,4.18,High
16.78,74.2,7.59,0.2,Low
42.94,37.9,18.22,0.36,Extreme
35.54,68.8,12.31,0.04,Moderate
10.6,81.5,8.24,0.85,Low
39.74,94.9,18.69,0.49,Moderate
24.5,43.0,0.97,3.06,Moderate
40.78,79.4,4.21,1.39,Moderate
36.99,30.3,11.32,1.43,Extreme
22.01,99.1,12.31,1.14,Low
5.9,7.4,0.79,0.14,High
15.75,62.3,8.06,0.88,Moderate
26.67,67.7,12.98,11.42,Moderate
30.34,70.4,13.96,2.7,High
15.32,16.4,12.76,3.36,Extreme
10.57,94.2,6.41,2.6,Low
38.4,22.2,1.87,0.16,Extreme
44.38,64.2,8.54,0.39,High
26.03,26.2,2.58,0.0,High
11.87,34.2,18.95,0.54,Moderate
15.89,56.9,9.5,0.17,Moderate
5.74,44.6,6.35,0.96,High
41.57,20.2,15.33,1.7,Extreme
9.71,21.2,9.96,3.11,Moderate
28.06,44.7,6.2,2.07,High
15.96,76.9,16.24,4.19,Moderate
27.17,90.3,17.34,0.08,Low
31.06,13.0,13.46,0.02,Extreme
38.19,42.3,0.94,1.62,High
13.26,14.5,11.33,0.51,High
5.44,6.6,15.27,0.44,Extreme
10.48,67.9,2.73,0.6,Low
41.0,62.2,4.57,0.47,Moderate
39.96,20.5,17.65,1.07,Extreme
28.9,27.2,0.4,0.87,High
29.02,7.3,15.05,1.08,Extreme
31.6,84.3,9.48,1.68,Moderate
12.01,97.6,8.94,0.73,Low
41.58,17.9,0.14,0.43,Extreme
21.75,27.0,16.39,0.27,Extreme
20.33,87.5,7.2,0.64,Low
25.76,93.0,10.82,2.03,Low
6.88,44.9,13.55,2.12,Moderate
11.65,9.8,14.05,1.65,Extreme
34.52,8.7,19.12,0.4,Extreme
8.31,59.5,10.63,1.33,Low
29.13,42.3,7.99,1.27,High
14.81,7.7,19.07,0.99,Extreme
20.57,60.4,12.84,1.2,Moderate
16.55,6.1,5.96,1.02,Extreme
19.23,79.8,2.53,1.25,Low
33.76,34.1,16.85,1.89,Extreme
16.88,8.8,7.24,0.17,Extreme
27.66,60.9,13.21,2.08,High
24.04,42.8,9.42,0.22,High
31.55,97.5,3.98,0.1,Low
42.47,56.7,12.03,5.6,High
34.3,31.1,1.21,4.72,High
13.6,72.4,8.27,0.09,Low
6.25,30.8,10.93,0.88,High
15.49,90.9,8.72,0.31,Low
28.8,40.6,14.97,1.0,Extreme
7.06,57.2,16.56,2.66,Low
24.85,9.8,15.42,4.51,Extreme
28.87,45.5,0.78,1.51,High
18.37,84.1,3.88,0.66,Low
35.84,81.5,10.73,1.39,Moderate
9.26,26.3,18.7,0.56,High
8.01,26.5,16.7,3.61,High
34.13,82.6,16.85,3.06,Low
24.82,93.4,6.06,1.23,Low
32.54,14.1,8.59,0.59,Extreme
22.39,47.8,9.41,0.52,Moderate
14.86,37.1,3.15,0.05,Moderate
37.76,87.7,0.62,2.54,Low
36.98,12.9,18.94,0.9,Extreme
32.79,25.1,4.81,0.59,Extreme
15.89,76.5,4.8,0.96,Low
28.61,9.9,1.67,2.56,Extreme
19.44,51.8,18.57,0.2,High
8.66,47.0,11.59,2.92,Moderate
41.69,36.8,13.34,3.42,Extreme
10.47,42.5,18.23,4.4,Moderate
43.01,55.3,6.91,0.76,High
22.84,20.3,12.43,0.37,High
12.41,59.3,0.78,0.7,Moderate
26.68,81.5,3.74,0.61,Moderate
39.92,77.2,16.62,0.29,Moderate
34.29,19.6,15.34,1.4,Extreme
37.26,19.2,7.01,0.97,Extreme
31.35,30.5,7.54,3.01,Extreme
32.69,39.3,10.67,0.05,High
38.97,43.8,0.0,1.55,Extreme
14.99,69.6,4.82,2.16,Low
24.58,10.4,4.16,2.14,High
13.85,8.3,5.01,3.26,High
44.51,42.2,16.12,1.96,Extreme
42.76,71.2,5.59,3.94,Moderate
6.58,23.4,3.83,0.61,Moderate
33.22,65.9,10.09,1.05,Moderate
42.01,29.7,17.31,0.02,Extreme
12.22,89.2,4.83,0.01,Low
27.72,90.1,1.57,0.41,Low
41.62,33.2,7.13,0.16,Extreme
6.36,26.8,14.95,0.45,High
32.9,44.1,11.01,0.29,High
16.89,27.9,16.34,0.04,High
41.98,68.9,19.19,3.6,High
43.84,83.5,15.85,0.01,Moderate
42.77,68.9,12.08,2.0,Moderate
23.97,83.3,9.87,0.25,Moderate
39.48,42.7,0.8,3.65,Extreme
38.78,19.9,19.69,3.35,Extreme
17.76,75.1,7.67,1.59,Moderate
38.16,39.2,3.04,1.67,High
6.48,68.8,13.33,0.01,Low
28.85,30.7,5.69,6.29,Extreme
14.2,12.7,11.72,3.15,Extreme
9.82,99.3,11.74,3.38,Low
8.08,19.8,8.91,1.61,High
32.85,98.9,16.72,0.63,Moderate
18.59,97.8,5.3,3.36,Low
33.99,80.4,8.97,0.52,Low
7.61,67.6,10.75,1.24,Low
17.61,59.9,13.27,0.16,Moderate
26.58,87.3,15.68,3.83,Low
36.63,32.5,7.9,0.23,High
17.75,49.4,12.92,0.38,Moderate
30.04,63.8,3.01,1.23,Moderate
40.44,44.1,18.65,2.17,High
29.63,45.6,7.66,1.45,High
14.32,36.4,14.59,0.4,High
5.98,58.6,0.41,0.0,Low
39.8,85.8,4.1,2.12,Moderate
5.85,24.1,9.74,6.32,High
39.99,93.8,17.57,2.49,Moderate
26.16,70.5,10.55,0.92,Moderate
42.56,83.2,18.6,3.51,Moderate
36.95,57.8,9.68,0.79,High
44.92,79.1,9.81,1.12,Moderate
19.03,6.5,2.39,0.97,High
35.69,82.7,16.05,0.89,Moderate
21.08,8.8,4.94,2.24,High
24.2,89.5,17.99,1.12,Low
30.1,99.2,18.22,0.57,Low
39.95,32.9,18.87,0.45,Extreme
44.36,25.0,10.4,0.06,Extreme
35.73,77.7,13.54,1.31,Moderate
21.71,29.0,15.57,0.39,Extreme
21.85,87.2,2.62,0.24,Low
34.5,14.8,12.02,1.59,Extreme
14.55,17.0,0.69,1.71,Moderate
9.42,98.0,9.95,2.09,Low
19.18,69.0,3.1,1.05,Low
16.49,85.5,3.66,3.37,Low
16.85,35.8,7.3,4.13,Moderate
14.34,69.3,8.65,2.47,Low
6.68,61.5,12.46,1.51,Moderate
5.71,62.3,1.49,0.54,Low
44.51,69.8,10.07,6.11,Moderate
22.11,59.7,3.65,0.48,Low
20.37,45.8,11.48,0.34,High
32.19,31.2,12.75,0.88,Extreme
13.73,78.0,11.13,0.09,Moderate
43.0,26.5,14.77,5.76,Extreme
36.45,70.8,6.71,1.33,Moderate
8.58,27.2,15.3,1.22,High
21.7,64.4,8.66,1.6,Low
40.16,76.0,9.68,1.03,Moderate
42.79,25.8,12.96,0.05,Extreme
23.7,10.7,0.37,1.42,High
29.54,17.4,13.08,1.89,High
11.68,62.6,12.37,0.81,Moderate
44.65,85.7,6.2,2.12,Low
14.27,9.3,1.72,0.39,Extreme
42.71,74.7,1.82,0.38,Moderate
30.99,37.4,18.46,0.26,Moderate
29.31,50.5,13.79,0.7,High
25.51,93.2,2.54,2.82,Low
14.23,36.5,7.13,2.64,High
12.06,49.2,11.85,0.72,High
13.82,6.3,16.71,1.33,Extreme
12.46,12.8,0.87,1.91,High
36.18,29.6,4.73,0.41,High
19.01,7.6,17.79,0.28,Extreme
7.31,65.0,0.18,5.37,Low
43.76,45.5,4.03,1.44,High
40.35,57.1,19.18,5.98,Extreme
42.11,21.6,12.27,0.62,Extreme
44.8,33.1,5.23,1.82,Extreme
11.96,68.1,1.34,0.38,Low
20.85,96.7,0.56,0.45,Low
35.33,9.8,4.89,1.08,Extreme
32.84,89.6,17.63,0.58,Moderate
11.16,59.8,8.32,0.28,Moderate
37.63,58.6,14.41,0.46,High
13.98,52.5,18.37,0.05,Moderate
13.95,11.6,8.16,1.83,Extreme
26.48,13.5,3.83,1.02,High
28.72,62.1,10.34,0.15,High
28.2,37.4,18.16,0.28,Extreme
8.66,92.1,16.09,0.16,Low
40.1,43.6,1.32,1.42,Extreme
15.62,18.6,13.85,0.15,High
10.18,72.9,11.44,2.11,Low
40.55,32.9,18.15,0.03,Extreme
43.23,54.9,2.45,0.43,High
39.49,71.3,10.68,3.32,Moderate
37.38,90.5,17.59,1.9,Moderate
31.21,80.3,8.2,0.11,Moderate
27.03,69.3,9.64,2.58,Moderate
8.48,69.6,1.41,1.02,Low
21.34,94.9,5.56,2.81,Low
19.91,33.1,6.49,1.38,Moderate
15.39,5.1,18.9,1.72,Extreme
33.94,30.8,5.65,7.55,High
24.84,25.7,9.22,0.4,High
8.24,67.9,13.43,1.47,Low
13.81,65.2,3.24,0.93,Low
32.33,61.4,9.73,0.06,High
8.05,6.5,14.77,0.02,Extreme
39.05,74.2,17.34,0.19,High
24.81,35.7,12.53,1.57,High
24.22,68.2,13.38,1.26,Moderate
28.7,57.9,2.53,1.21,Moderate
37.99,37.6,18.92,0.05,Extreme
18.91,17.8,2.65,0.95,Extreme
32.12,14.0,15.49,3.88,Extreme
27.63,84.0,5.3,0.76,Low
15.68,92.2,18.67,1.47,Low
40.15,66.7,14.4,2.27,High
36.9,14.8,15.08,2.3,Extreme
31.34,43.2,4.38,1.1,High
39.02,74.2,8.86,2.93,High
39.69,79.1,12.36,0.74,Moderate
33.33,16.2,15.4,3.29,Extreme
38.48,5.0,2.08,0.41,Extreme
32.9,72.7,19.25,0.49,High
32.21,38.9,17.8,0.08,High
29.74,29.2,5.41,2.38,Extreme
35.11,6.2,16.46,0.81,Extreme
11.34,56.3,10.37,0.39,Moderate
40.23,85.9,9.24,0.4,Moderate
39.87,96.0,6.29,3.48,Low
6.17,58.7,11.62,2.69,Moderate
38.03,53.9,14.6,1.21,Extreme
10.15,13.1,8.22,1.44,High
18.4,57.1,12.58,0.96,Moderate
34.74,41.1,13.99,0.75,Extreme
11.43,62.7,14.22,3.71,Moderate
37.72,41.9,1.04,0.2,High
38.29,27.8,17.19,0.81,Extreme
25.3,14.0,9.17,0.63,High
5.26,34.9,5.25,1.03,Moderate
16.48,14.2,4.84,0.92,Extreme
29.68,21.8,9.66,1.1,Extreme
44.25,98.8,17.74,0.23,Moderate
30.27,47.2,7.57,1.08,High
15.39,55.5,14.99,0.42,Moderate
30.36,88.0,1.94,0.31,Moderate
26.6,99.6,9.52,0.1,Low
36.19,60.4,19.83,2.16,Extreme
9.28,82.2,15.41,0.84,Moderate
35.44,36.1,4.21,1.48,Extreme
26.65,34.0,10.03,1.95,High
43.52,43.3,4.67,1.71,High
18.67,68.9,8.19,0.95,Low
30.3,69.8,15.6,0.74,Moderate
42.28,34.9,15.42,0.71,Extreme
9.1,17.7,4.56,1.53,High
42.49,65.1,18.44,1.02,High
32.52,17.2,11.85,2.84,Extreme
7.71,60.0,7.6,3.12,Low
17.04,70.9,10.04,0.28,Moderate
33.33,71.6,12.1,0.22,Moderate
7.69,76.6,11.2,1.49,Low
28.29,87.9,9.73,0.54,Low
18.84,52.5,10.1,0.03,Moderate
29.84,74.4,3.53,3.29,Moderate
6.83,63.8,16.25,0.39,Moderate
39.86,22.7,10.84,3.97,Extreme
43.94,7.4,2.62,1.9,Extreme
43.76,32.0,15.32,2.16,Extreme
34.99,47.1,18.65,0.34,High
10.2,63.6,18.95,0.4,Moderate
35.33,85.7,7.38,1.1,Low
5.98,23.6,2.71,0.28,Moderate
5.88,16.9,10.37,0.55,High
17.94,96.5,2.25,0.58,Low
24.55,15.3,18.68,0.26,Extreme
35.82,50.5,3.67,0.34,Moderate
32.33,60.6,5.06,2.33,High
22.84,56.4,8.13,0.27,Moderate
15.95,13.2,7.66,0.04,Extreme
44.88,10.4,15.89,1.49,Extreme
22.05,15.0,9.13,5.59,Extreme
23.06,60.6,3.42,0.6,Low
11.54,56.7,5.34,0.19,Moderate
36.79,27.2,10.18,1.27,Extreme
32.75,65.6,2.95,3.55,Moderate
13.83,82.9,12.23,2.3,Low
8.3,9.0,11.31,1.46,Extreme
32.22,52.3,14.29,0.57,High
31.18,70.5,18.75,1.17,High
15.93,29.0,18.25,0.14,High
43.03,34.2,18.92,1.7,Extreme
11.04,63.3,4.89,1.94,Low
22.29,90.3,2.63,5.03,Low
42.74,81.9,6.05,0.45,Moderate
21.79,60.4,17.9,0.03,High
30.54,74.4,19.44,1.18,Moderate
20.9,39.7,17.19,1.84,High
15.97,65.9,2.2,2.34,Moderate
44.36,49.3,18.95,0.32,Extreme
21.37,23.0,8.47,0.46,Extreme
40.76,71.7,0.19,1.08,Moderate
14.2,57.9,8.85,0.6,Moderate
13.52,39.1,0.92,2.95,Low
6.25,91.6,10.88,0.96,Low
31.07,7.0,6.77,2.41,Extreme
19.74,35.0,9.47,1.3,High
39.57,10.4,12.26,2.22,Extreme
23.93,77.8,17.38,0.61,Moderate
43.73,71.7,13.24,2.67,Moderate
12.42,36.5,8.68,0.48,High
39.74,69.2,16.39,1.18,High
36.06,42.6,18.11,0.36,Extreme
35.84,76.8,2.4,0.97,Moderate
38.79,48.1,10.64,0.57,High
35.44,44.2,5.69,0.47,Extreme
30.05,93.8,0.94,5.12,Moderate
10.25,28.8,13.37,0.26,High
6.3,16.4,17.26,2.32,Moderate
41.83,60.5,3.26,6.22,Moderate
29.67,97.1,16.25,0.03,Low
36.86,40.9,17.07,1.8,Extreme
24.26,10.9,18.29,0.44,Extreme
9.69,37.2,5.31,0.06,High
10.01,53.1,18.08,0.77,Moderate
32.42,20.4,6.41,4.11,Extreme
22.21,67.5,11.05,0.02,Low
13.02,99.8,1.01,1.33,Low
24.66,47.9,0.88,1.04,Moderate
7.57,38.7,14.41,3.1,High
28.28,43.1,8.89,0.13,Extreme
15.76,15.9,5.13,1.72,High
36.9,88.9,3.81,1.71,Low
17.41,44.4,13.4,1.66,High
23.21,41.8,0.01,4.28,Moderate
5.46,67.7,16.12,2.6,Low
7.9,47.0,1.58,0.06,Moderate
20.7,66.6,3.83,0.96,Moderate
24.2,10.8,7.72,0.76,Extreme
29.0,82.3,9.7,0.56,Low
16.67,94.3,7.1,0.9,Low
32.8,66.6,6.41,0.73,Moderate
39.4,95.7,19.28,0.85,Moderate
36.19,19.4,12.83,5.81,Extreme
6.58,50.4,0.47,0.14,Low
24.22,62.2,8.6,3.83,Moderate
9.2,60.3,17.5,0.98,Low
14.68,43.1,6.03,1.47,Low
44.47,37.1,1.89,2.66,High
10.7,17.0,15.17,0.67,High
24.96,42.2,12.12,0.84,High
29.73,20.5,11.41,0.79,Extreme
33.1,74.8,1.07,0.7,Low
27.39,24.8,2.81,3.9,High
5.39,10.6,12.45,2.65,Moderate
18.06,57.5,4.16,0.17,Moderate
25.71,61.5,10.08,0.17,Moderate
8.51,87.8,10.9,0.84,Low
19.03,59.8,5.67,0.16,Low
6.33,37.8,18.97,1.45,High
8.14,81.3,16.85,0.23,Low
20.88,56.3,14.45,1.11,Moderate
10.31,12.5,1.56,0.01,High
27.7,58.8,2.12,0.57,High
32.58,91.3,9.86,1.7,Low
37.02,42.6,3.21,0.99,High
13.01,33.2,19.57,5.74,High
11.7,18.6,3.17,3.11,Moderate
9.18,19.4,9.75,0.67,High
30.46,46.1,7.28,0.07,High
33.26,61.6,12.79,2.8,High
6.26,12.7,2.58,3.63,Moderate
42.45,94.3,8.61,2.58,Low
7.08,76.7,5.49,0.21,Low
26.65,60.7,17.76,9.26,Moderate
33.36,83.7,0.81,0.45,Low
39.84,12.6,18.27,1.93,Extreme
33.56,50.3,16.66,3.58,High
37.07,64.9,5.95,0.4,Moderate
18.58,83.7,15.79,3.58,Moderate
37.59,79.4,0.62,0.56,Moderate
8.2,31.3,19.34,5.62,High
40.79,94.4,10.53,0.5,Moderate
26.9,16.8,6.07,4.6,Extreme
37.69,88.1,7.25,0.08,Moderate
23.09,97.2,1.33,1.85,Low
30.74,21.8,19.79,1.14,Extreme
26.06,73.6,0.79,0.97,Moderate
34.26,8.8,13.1,0.38,Extreme
8.27,43.5,8.85,1.83,High
7.41,54.0,18.98,0.32,High
14.88,60.2,4.92,1.21,Moderate
11.38,93.9,10.64,0.44,Low
39.87,68.9,9.65,4.67,High
13.77,50.7,14.06,0.04,Moderate
44.03,81.9,1.36,0.33,Low
18.48,95.3,3.88,0.42,Low
12.28,7.1,4.29,0.8,Extreme
36.59,98.3,14.76,0.4,Low
31.35,13.2,3.78,1.01,Extreme
24.93,82.4,11.47,3.09,Low
27.21,31.6,4.3,1.87,High
33.77,17.6,17.23,1.3,Extreme
14.14,46.8,18.84,0.14,High
44.85,66.2,10.37,1.78,High
43.99,41.2,7.05,0.27,Extreme
31.01,10.2,4.68,2.32,Extreme
12.98,61.9,1.0,0.43,Low
32.21,90.7,5.37,0.81,Low
7.89,41.4,13.08,0.65,Moderate
6.23,25.6,10.67,2.94,Moderate
15.31,47.0,18.88,0.2,High
23.5,9.6,7.93,1.25,Extreme
39.73,82.9,13.88,0.23,High
34.09,83.5,9.79,1.83,Moderate
34.71,60.9,10.25,3.53,Moderate
22.02,38.5,5.36,0.86,High
18.84,81.0,9.1,1.0,Low
19.84,57.7,9.42,3.93,High
44.51,83.5,14.13,1.1,Moderate
6.6,65.0,18.81,1.0,Moderate
39.68,79.5,6.59,1.3,Moderate
28.15,61.9,0.84,1.75,Moderate
22.54,44.3,9.93,0.17,High
34.01,96.0,10.89,2.58,Low
24.47,56.4,3.37,0.86,Moderate
39.94,62.5,15.21,0.11,High
41.03,25.9,19.7,2.31,Extreme
21.87,64.4,18.92,0.71,Moderate
16.07,59.3,3.94,0.16,Low
28.69,22.6,17.51,1.51,Extreme
41.49,10.7,14.09,3.18,Extreme
13.43,62.4,9.08,3.28,Moderate
29.92,77.6,10.81,4.74,Low
30.26,54.7,16.99,3.03,High
34.32,26.5,9.6,0.0,Extreme
10.26,68.3,7.46,0.72,Low
33.63,12.6,9.86,2.56,Extreme
41.36,47.0,11.58,0.68,Extreme
12.19,20.5,3.78,1.38,Moderate
14.5,22.5,18.02,1.4,Extreme
43.86,24.2,13.48,0.68,Extreme
12.24,41.7,12.67,3.52,High
39.18,9.9,1.99,1.05,Extreme
24.69,42.8,12.08,0.94,High
14.89,53.6,2.42,9.0,Low
39.83,50.9,1.57,1.02,High
22.81,41.4,10.55,0.29,High
25.59,84.7,8.06,1.08,Low
19.37,18.8,11.78,2.52,Extreme
28.72,53.0,1.78,2.25,Moderate
11.54,10.9,8.62,2.33,High
20.64,11.8,3.5,1.85,Extreme
43.78,59.5,19.74,0.44,Extreme
15.33,58.8,11.22,2.97,Moderate
31.27,88.4,13.75,3.36,Low
18.01,58.0,6.51,0.32,Moderate
35.94,96.2,1.89,0.21,Low
10.23,9.6,19.52,5.57,Extreme
43.79,14.3,5.73,3.04,Extreme
23.15,9.2,8.48,3.36,Extreme
14.44,22.6,13.0,3.26,High
7.94,56.4,0.49,1.17,Low
11.79,66.3,16.21,1.56,Low
25.79,9.3,10.73,1.18,Extreme
18.48,94.9,5.56,0.08,Low
38.16,85.0,1.23,2.05,Moderate
22.24,33.2,3.25,1.06,High
14.95,12.3,17.9,1.56,Extreme
29.69,21.1,13.72,1.05,Extreme
33.27,17.1,5.0,1.02,Extreme
11.68,16.7,1.31,0.28,High
11.7,54.3,13.81,0.49,Moderate
6.47,28.4,11.45,0.26,Moderate
34.46,39.0,8.09,0.33,High
31.55,99.0,7.27,5.42,Low
23.99,70.0,4.34,0.25,Low
38.77,95.2,13.39,0.47,Moderate
37.23,18.5,19.41,1.34,Extreme
28.41,41.3,3.51,1.41,High
39.73,57.7,11.94,0.25,Moderate
13.23,12.3,8.48,2.37,Extreme
9.48,5.4,8.93,2.31,High
15.79,68.7,5.08,0.41,Low
7.28,66.0,16.5,0.51,Moderate
26.25,44.0,9.71,4.17,High
42.46,51.5,10.87,2.62,High
6.57,44.5,6.1,1.79,Low
9.88,7.3,3.64,0.13,Extreme
23.09,36.9,1.72,0.81,High
42.36,21.8,14.28,1.23,Extreme
17.65,14.4,3.92,0.31,Extreme
25.29,95.9,13.8,0.89,Low
6.66,61.9,7.81,1.38,Moderate
10.93,74.2,8.32,0.59,Low
44.47,35.0,9.38,2.28,Extreme
43.6,42.3,7.35,2.75,Extreme
5.2,27.5,2.01,0.59,Moderate
43.07,14.2,6.19,2.74,Extreme
30.56,22.0,13.27,0.16,Extreme
39.72,80.8,13.32,2.73,Moderate
23.19,69.4,5.72,0.25,Low
25.62,57.0,9.2,0.13,Moderate
24.55,50.1,3.87,1.54,High
31.67,92.6,4.21,0.96,Low
10.59,11.9,0.46,3.58,High
6.2,31.7,17.93,0.68,Moderate
17.32,38.2,4.21,0.51,High
33.19,79.3,4.55,1.04,Moderate
13.07,99.3,5.59,0.91,Low
31.94,27.9,2.55,0.63,Extreme
43.8,88.1,12.79,1.77,Moderate
8.76,83.9,1.5,2.14,Low
31.9,26.3,2.68,2.88,High
22.75,42.9,12.9,5.41,High
39.73,43.9,6.79,0.47,High
12.09,97.9,14.16,1.89,Low
32.71,22.2,11.15,0.75,Extreme
38.52,80.9,5.12,1.7,Moderate
42.78,36.7,13.02,0.97,Extreme
32.33,74.4,2.33,7.62,Low
24.89,44.9,10.73,1.96,Moderate
29.71,59.9,8.74,4.57,High
39.76,84.1,5.36,2.7,Moderate
27.82,81.4,12.08,3.5,Low
6.22,87.3,17.43,2.53,Low
42.24,10.7,19.98,0.92,Extreme
32.58,70.7,12.16,0.44,Moderate
32.06,18.3,8.09,0.69,Extreme
13.63,44.5,4.5,0.03,Moderate
31.36,57.1,5.14,1.11,High
20.75,43.3,9.59,1.05,Moderate
31.05,54.4,7.35,1.12,High
9.26,99.7,18.28,5.48,Low
31.31,17.8,7.37,3.64,Extreme
44.98,69.2,7.47,0.26,High
6.93,42.6,7.67,0.69,Moderate
44.09,17.6,16.73,0.83,Extreme
21.28,20.1,13.02,0.67,Extreme
39.83,95.2,12.28,2.4,Moderate
36.3,88.6,6.68,1.11,Low
27.68,91.2,16.36,1.27,Moderate
34.54,99.2,0.77,2.88,Low
40.14,24.8,17.42,2.46,Extreme
21.17,38.8,10.25,0.21,Moderate
18.08,68.6,7.97,1.88,Low
31.7,51.0,9.94,0.86,High
37.31,44.7,13.35,0.52,High
35.49,39.0,0.26,0.08,High
36.91,61.4,17.43,1.0,High
22.42,59.7,8.93,0.66,High
37.71,20.3,6.86,0.43,Extreme
9.81,49.8,2.76,1.78,Moderate
26.78,57.6,8.79,2.2,Moderate
5.23,59.2,9.93,0.42,Low
17.98,25.0,8.07,0.08,Extreme
19.66,75.5,13.57,2.83,Low
20.85,7.4,8.42,0.02,High
32.82,38.7,19.23,4.15,Extreme
20.54,79.1,11.99,1.48,Low
22.95,58.6,16.15,0.58,Moderate
14.5,29.8,2.19,0.42,High
19.93,71.0,7.95,0.01,Low
14.09,58.9,6.74,0.4,Moderate
7.93,80.6,11.39,0.22,Low
29.14,74.8,17.22,1.42,Moderate
31.73,63.0,1.57,0.27,Moderate
29.78,51.4,1.45,1.13,Moderate
23.54,17.7,17.01,1.34,Extreme
20.19,29.8,4.26,0.53,High
39.53,44.8,13.38,0.05,Extreme
25.76,61.9,10.86,0.06,High
24.17,53.8,16.66,0.04,High
6.03,32.4,2.5,2.02,Moderate
18.65,5.6,2.6,0.57,Extreme
20.21,52.1,11.14,2.39,Low
20.95,32.1,18.93,0.85,Extreme
28.21,74.8,8.3,0.9,Moderate
26.34,7.3,6.54,1.08,Extreme
29.32,60.6,12.13,1.87,Low
35.6,94.4,18.61,0.48,Low
37.52,21.6,16.74,0.19,Extreme
33.72,49.8,19.91,1.22,Extreme
43.22,13.7,0.45,0.59,Extreme
5.73,64.4,2.26,0.88,Low
12.83,57.3,12.19,1.56,Moderate
5.3,43.7,16.41,1.02,Moderate
30.9,54.5,5.7,1.45,High
40.92,90.2,4.78,1.18,Moderate
14.74,23.6,15.74,2.02,Extreme
42.08,7.1,1.13,1.84,Extreme
7.41,86.9,7.39,1.15,Low
42.38,59.8,10.12,1.7,High
19.06,89.6,11.21,3.1,Low
9.06,61.7,14.57,0.85,Moderate
24.43,82.0,7.1,0.8,Moderate
15.27,45.8,12.25,2.17,Moderate
16.39,76.2,11.71,1.31,Moderate
17.29,91.7,10.95,0.11,Low
37.12,59.4,12.81,3.34,Moderate
26.57,22.2,5.19,0.05,Extreme
17.45,30.5,1.69,2.07,High
29.41,23.9,2.39,2.13,Extreme
33.65,28.5,4.49,4.59,Extreme
15.9,34.1,10.0,0.08,High
21.54,57.7,16.81,1.36,High
9.88,60.9,14.03,0.84,Moderate
12.25,45.5,15.78,0.6,High
32.24,63.5,7.02,0.14,High
12.26,12.7,8.09,1.24,High
26.01,13.3,7.87,0.98,Extreme
33.36,21.3,3.84,0.17,Extreme
9.28,54.2,1.22,1.42,Low
27.69,25.3,11.82,2.01,High
15.26,31.9,19.78,2.19,High
43.52,43.0,3.34,3.54,Extreme
24.34,82.1,0.93,0.79,Low
37.24,6.3,15.59,4.59,Extreme
27.01,66.7,5.05,3.01,Moderate
6.74,68.5,16.59,0.53,Low
30.33,80.9,14.08,0.26,Moderate
43.06,93.6,18.91,0.86,High
29.06,6.9,8.18,0.77,Extreme
37.77,19.6,13.24,1.29,Extreme
40.37,89.2,9.3,1.31,Moderate
14.12,48.6,12.61,2.08,Moderate
13.48,58.6,8.99,1.07,Low
29.44,68.0,3.77,0.17,Moderate
21.44,69.5,10.16,2.93,Moderate
38.59,93.5,10.57,0.56,Moderate
41.0,99.7,16.21,5.33,Low
19.14,73.4,14.71,0.19,Moderate
14.47,32.3,13.28,4.76,High
36.22,88.6,2.27,0.14,Moderate
15.99,9.7,14.41,0.39,Extreme
37.9,27.0,10.01,0.07,Extreme
21.95,90.3,17.88,1.83,Low
31.7,29.3,18.4,2.85,High
8.82,26.0,1.1,0.85,High
29.95,18.1,16.41,3.96,Extreme
23.07,86.6,0.75,1.34,Low
28.46,52.5,7.34,1.49,High
11.72,69.1,10.85,2.8,Moderate
34.47,27.7,2.96,0.53,Extreme
39.51,77.0,14.93,0.66,High
13.67,77.2,0.17,3.55,Low
8.83,34.7,3.37,3.47,Low
5.95,44.0,11.62,5.63,Moderate
30.68,24.9,14.29,3.48,Extreme
29.28,97.8,18.33,0.2,Low
26.87,66.3,14.11,2.6,Moderate
14.28,93.8,13.44,0.79,Low
20.64,33.8,7.89,7.03,High
28.78,79.3,0.03,0.96,Low
24.87,77.8,2.4,1.21,Low
44.51,70.7,10.69,1.13,High
10.46,96.7,13.5,0.58,Low
32.81,42.4,8.35,0.12,High
21.17,17.4,14.61,3.39,Extreme
22.13,68.8,10.44,2.43,Low
33.7,74.3,1.48,0.23,Low
32.7,59.6,3.84,2.25,Moderate
44.65,24.6,16.8,1.47,Extreme
10.14,52.9,14.5,0.79,Moderate
9.16,34.7,17.9,0.44,High
33.97,45.6,2.35,2.95,Extreme
28.14,66.3,19.8,1.81,Moderate
15.97,75.8,4.19,1.19,Low
8.18,27.1,0.24,1.41,High
8.43,43.5,19.95,0.14,High
40.77,30.6,5.62,0.96,High
12.67,23.9,13.36,0.32,High
17.93,79.4,3.53,0.35,Low
14.07,91.4,11.6,1.62,Low
19.2,40.2,18.08,3.63,High
7.78,76.4,6.4,0.78,Low
25.76,90.2,13.41,0.35,Low
7.7,85.4,3.76,1.57,Low
37.01,22.4,12.5,3.07,Extreme
14.35,95.8,6.73,2.07,Low
26.6,40.8,4.22,3.05,Moderate
40.2,37.2,6.26,1.15,High
31.04,10.9,3.58,2.09,Extreme
26.32,51.2,18.04,0.23,Extreme
17.97,15.4,7.94,0.64,High
18.32,28.6,4.91,0.74,High
31.78,35.1,8.97,1.07,Extreme
44.77,81.8,6.41,3.97,High
31.47,88.2,14.89,3.11,Moderate
27.31,33.7,19.42,0.22,High
34.23,86.6,8.76,0.28,Low
23.61,86.4,17.22,0.66,Low
7.41,77.6,11.32,0.52,Low
27.49,18.9,3.14,1.43,High
43.31,70.6,13.81,3.5,High
12.01,94.8,10.27,4.92,Low
32.6,69.8,13.01,1.59,Moderate
13.04,36.5,17.79,2.73,Moderate
26.43,52.6,8.81,1.12,High
8.87,66.3,18.02,0.35,Moderate
23.01,53.5,15.01,1.12,High
35.25,16.4,9.77,1.21,Extreme
18.9,34.6,12.06,2.03,High
31.6,81.2,6.51,0.37,Moderate
36.82,86.8,19.67,0.69,Moderate
42.09,18.0,13.35,0.68,Extreme
14.39,95.5,0.88,4.81,Low
20.97,36.2,6.53,0.88,Low
11.1,67.9,12.47,2.11,Moderate
44.7,76.4,1.13,2.08,Moderate
42.08,82.1,0.48,0.46,Moderate
26.6,94.8,9.0,1.27,Low
38.68,34.7,6.65,3.37,Extreme
25.84,86.6,8.77,0.97,Low
29.94,17.5,5.25,4.35,Extreme
8.56,72.0,3.29,0.36,Low
35.21,75.5,13.78,0.12,Moderate
10.11,69.4,10.29,3.33,Low
38.04,29.0,4.0,2.82,Extreme
36.28,87.9,6.39,7.36,Low
33.35,21.0,11.84,1.71,Extreme
6.45,10.1,1.44,4.14,Moderate
17.13,73.2,2.95,2.63,Low
15.52,50.2,1.46,2.79,Moderate
19.41,85.7,16.25,1.26,Low
8.51,41.4,15.05,0.72,High
42.48,21.0,15.07,4.09,Extreme
27.15,84.5,14.33,0.85,Low
17.22,57.1,13.39,1.16,Low
20.88,23.0,9.54,0.89,High
22.89,73.4,12.85,1.25,Moderate
29.02,53.6,0.77,0.95,Moderate
25.63,62.4,12.43,0.07,Moderate
41.78,48.8,15.56,3.21,Extreme
24.88,83.7,10.01,0.88,Low
44.69,83.8,7.15,1.33,Moderate
39.06,72.4,5.55,0.22,Moderate
13.34,15.0,12.86,0.01,Extreme
42.22,84.7,13.86,0.42,High
9.65,68.7,17.42,1.83,Moderate
37.7,71.2,6.85,0.16,Moderate
20.22,39.5,15.4,3.59,High
40.12,88.5,11.23,0.36,Moderate
39.72,73.9,17.66,0.34,High
37.24,15.7,10.56,0.3,Extreme
36.6,43.7,10.35,0.02,High
17.19,89.2,11.56,2.22,Low
8.24,9.5,14.99,3.12,High
21.12,96.3,19.29,1.43,Low
11.94,69.5,1.47,0.31,Low
32.8,65.0,1.07,0.5,Moderate
18.84,30.7,18.75,0.97,Extreme
44.02,28.6,10.6,4.63,Extreme
30.64,94.5,12.3,0.43,Low
37.9,33.3,9.65,1.97,High
10.3,78.7,1.87,0.87,Low
39.48,42.3,15.36,0.53,High
41.91,18.2,14.94,0.91,Extreme
24.48,6.0,6.23,0.11,Extreme
29.25,56.7,6.12,2.4,Moderate
35.59,97.7,16.76,0.42,Moderate
11.99,40.1,1.45,1.94,Low
25.1,38.9,17.62,0.11,Extreme
20.95,37.7,5.13,4.65,High
10.85,54.5,11.86,0.32,Moderate
19.7,46.9,18.72,3.22,Moderate
7.73,88.6,13.56,2.49,Low
6.03,53.0,8.29,5.16,Low
10.41,53.2,13.79,0.97,Moderate
43.52,18.1,6.88,1.95,Extreme
26.98,98.4,5.55,0.69,Low
43.63,28.7,19.93,0.31,Extreme
22.3,12.0,15.02,0.88,High
17.47,68.0,12.89,0.27,Low
25.25,61.6,7.11,6.03,Moderate
22.58,44.4,0.98,0.15,Moderate
9.23,45.1,0.62,1.33,Moderate
30.63,79.6,11.08,1.48,Moderate
13.64,23.6,15.24,1.16,Extreme
29.78,82.9,10.75,1.63,Moderate
31.01,66.6,16.82,0.19,Moderate
11.08,44.8,0.67,1.21,Low
7.45,48.5,7.34,0.51,High
36.23,29.4,4.74,4.22,Extreme
23.39,76.5,8.95,2.15,Low
7.33,53.7,1.45,5.39,Low
44.79,35.5,19.08,0.06,Extreme
7.31,61.6,4.47,0.5,Low
32.8,99.6,18.45,0.33,Low
44.35,46.3,8.52,0.02,Extreme
14.57,92.5,19.71,0.42,Low
10.69,37.8,11.08,1.7,Moderate
9.86,10.2,18.62,0.39,Extreme
17.13,24.4,0.11,1.07,High
9.04,44.8,14.96,3.28,Moderate
32.69,25.9,18.06,1.78,Extreme
7.49,5.0,2.79,0.75,Extreme
25.38,91.9,1.92,0.7,Low
44.87,85.2,8.49,0.91,Moderate
37.56,75.5,18.67,0.29,Low
29.61,20.9,10.85,1.51,Extreme
17.25,16.4,10.55,0.68,Extreme
29.96,11.4,2.82,2.87,Extreme
26.08,73.8,0.02,2.12,Low
22.04,93.2,16.2,1.41,Low
10.23,45.9,1.75,0.68,Moderate
40.46,16.3,12.68,0.35,Extreme
22.99,53.7,18.29,2.25,High
12.78,38.1,4.17,1.0,Moderate
19.71,40.6,13.31,0.38,High
21.57,64.0,1.57,0.33,Low
38.1,73.3,12.08,0.27,Moderate
34.34,15.5,3.28,2.25,Extreme
35.77,8.4,14.72,0.39,Extreme
5.44,99.5,6.02,1.12,Low
21.65,27.1,9.27,0.9,Moderate
24.25,10.1,11.99,1.3,Extreme
5.77,23.0,3.43,3.15,High
15.39,8.7,14.83,3.03,Extreme
35.41,42.2,6.05,0.9,Extreme
10.48,81.2,13.25,0.02,Low
26.41,37.4,3.17,0.83,High
13.61,47.2,13.76,1.4,Moderate
5.48,69.2,2.56,1.22,Low
14.65,53.3,8.51,1.58,Moderate
44.03,86.8,4.94,0.25,Moderate
37.06,87.3,14.97,1.56,Moderate
43.38,5.9,5.24,0.3,Extreme
24.51,78.9,17.63,2.08,Moderate
9.39,48.8,17.84,0.62,High
26.92,98.9,3.93,1.86,Low
23.18,50.9,12.28,0.07,High
38.77,98.8,1.75,0.79,Low
8.92,76.7,7.83,1.83,Low
24.53,28.6,14.27,0.39,Extreme
11.0,56.1,13.19,2.38,Moderate
17.99,99.3,12.49,1.49,Low
34.49,86.5,5.65,1.33,Moderate
24.04,14.2,7.56,0.65,Extreme
20.04,72.1,2.06,0.99,Low
20.78,37.8,14.38,1.36,High
23.38,5.7,10.08,0.96,Extreme
36.4,43.3,14.18,1.8,High
40.68,27.3,4.98,0.85,Extreme
43.21,82.8,6.49,0.34,Low
36.48,37.0,6.68,0.36,Extreme
17.62,83.6,0.51,0.01,Low
32.53,5.1,6.82,0.54,Extreme
22.5,34.2,16.07,2.07,High
15.19,27.9,17.95,2.37,High
38.63,27.2,10.36,0.34,Extreme
6.54,11.5,9.11,4.79,High
41.07,22.8,0.62,1.05,Extreme
23.46,57.8,17.58,3.73,Moderate
30.49,32.7,0.26,1.84,High
31.37,44.7,18.9,1.92,High
40.8,40.8,9.78,0.13,Extreme
30.47,88.2,6.84,0.37,Low
29.56,91.0,18.48,0.01,Moderate
7.67,51.8,0.49,1.89,Low
25.74,36.4,11.63,0.63,Extreme
11.01,15.1,10.98,2.32,High
34.5,95.6,4.39,0.62,Low
25.49,10.7,8.58,2.57,Extreme
32.21,33.3,13.05,0.21,Extreme
6.67,33.3,14.54,0.29,High
8.39,35.4,0.01,0.63,Moderate
33.65,20.6,18.74,0.79,Extreme
7.88,79.4,3.29,0.64,Low
7.85,16.6,4.67,2.16,Extreme
5.48,65.3,5.27,0.15,Low
43.26,16.8,0.76,0.65,Extreme
34.5,11.7,2.46,2.72,Extreme
19.13,91.4,19.73,0.1,Low
16.86,23.1,6.3,4.28,High
18.99,83.0,2.31,6.44,Low
35.99,56.7,2.14,0.14,High
31.45,12.4,14.39,0.52,Extreme
12.41,95.8,17.09,0.7,Low
11.96,28.5,5.14,2.25,Moderate
8.94,86.7,0.42,1.36,Low
31.41,21.0,4.46,1.55,Extreme
35.57,86.1,1.13,2.13,Low
15.6,6.3,2.07,0.19,Extreme
5.84,53.6,8.63,2.69,Moderate
8.29,78.1,4.6,1.83,Low
43.71,93.8,10.32,1.29,Moderate
16.82,91.4,5.07,3.31,Low
35.77,82.9,18.81,1.81,High
29.99,89.4,18.12,0.34,Moderate
20.28,23.9,11.34,0.84,High
13.23,32.0,7.09,1.02,Moderate
9.86,32.5,7.62,0.09,High
29.6,40.8,8.24,4.64,High
35.99,42.4,14.55,0.21,Extreme
30.76,56.7,9.03,1.79,High
26.21,20.2,17.13,1.06,Extreme
6.68,70.7,18.88,0.04,Moderate
43.74,20.9,6.72,3.88,Extreme
36.95,34.5,11.21,2.86,Extreme
16.71,52.8,1.9,1.11,Moderate
44.2,80.7,4.01,0.39,Moderate
29.08,75.2,8.27,0.19,Moderate
28.3,66.3,4.12,0.68,Moderate
34.92,19.8,17.53,0.44,Extreme
37.47,57.0,3.17,1.06,Moderate
31.26,13.3,9.11,5.09,Extreme
10.12,40.8,12.11,1.28,Moderate
18.53,44.3,13.84,3.31,Extreme
42.12,8.8,7.66,1.58,Extreme
13.98,31.0,17.38,0.97,Extreme
19.89,95.8,11.37,2.89,Low
22.28,95.6,8.79,0.96,Low
22.58,38.5,1.34,3.04,Moderate
29.52,9.1,9.29,0.52,Extreme
42.72,22.0,16.41,0.21,Extreme
14.63,42.3,12.29,2.9,Moderate
9.86,95.0,16.64,1.33,Low
12.9,18.4,9.88,3.3,High
40.48,77.5,2.37,4.17,Moderate
30.83,15.3,0.27,0.08,Extreme
16.44,98.2,6.06,1.04,Low
37.64,41.3,13.96,0.7,High
39.45,78.6,15.81,1.47,Moderate
38.86,37.5,5.92,2.37,High
41.76,64.6,9.91,0.49,High
15.09,23.2,8.42,1.22,High
35.2,18.9,8.21,1.85,Extreme
23.42,94.1,4.63,0.22,Low
38.68,92.2,2.73,2.52,Low
34.14,89.3,3.93,1.4,Low
36.06,64.4,1.11,4.48,Moderate
31.25,81.8,3.96,0.62,Low
12.1,11.6,0.18,0.17,High
26.8,36.8,12.55,1.06,High
44.39,34.8,6.33,0.13,Extreme
42.5,65.4,19.46,5.24,High
6.73,38.8,3.87,0.06,Moderate
11.59,19.1,6.92,2.1,High
10.27,61.7,7.16,1.12,Moderate
34.04,82.4,0.17,0.69,Moderate
37.71,41.3,16.78,0.1,Extreme
13.54,17.6,0.64,1.46,Extreme
25.23,23.7,18.8,1.32,Extreme
38.63,27.6,17.84,0.49,Extreme
34.31,33.5,10.71,3.62,Extreme
26.69,66.1,10.87,0.54,Moderate
28.61,62.1,13.08,0.9,Moderate
25.33,71.1,7.74,1.18,Low
16.9,39.4,12.94,0.16,High
27.6,83.3,0.9,4.04,Low
32.56,24.4,1.08,0.7,Extreme
39.93,49.6,9.14,0.13,Extreme
30.45,81.1,10.99,0.73,Low
35.44,22.1,17.76,1.38,Extreme
11.4,15.4,2.09,1.08,High
23.46,88.9,16.45,1.78,Low
5.37,37.6,4.2,0.09,Extreme
14.87,70.0,7.88,0.5,Moderate
34.06,7.4,6.33,2.57,Extreme
44.67,70.6,8.0,0.12,Moderate
8.97,35.0,3.01,2.9,Moderate
21.06,10.3,10.07,0.14,Extreme
37.0,62.9,16.03,2.7,High
13.16,27.9,8.83,0.67,High
27.2,41.7,9.81,1.42,High
34.32,12.7,16.98,0.25,Extreme
29.64,19.0,14.12,0.1,Extreme
12.52,33.3,9.81,0.36,High
19.22,13.5,5.15,0.21,High
36.35,91.5,17.7,0.56,Moderate
27.17,5.6,11.54,1.08,Extreme
5.21,51.0,4.42,1.33,Moderate
35.44,16.7,5.38,2.34,Extreme
6.41,34.2,16.06,1.6,High
34.83,93.0,0.88,1.41,Low
13.1,20.4,19.84,0.8,Extreme
43.32,96.8,2.61,0.96,Low
19.72,24.6,15.92,0.8,Extreme
18.08,75.4,7.9,2.77,Moderate
10.96,56.9,9.84,0.39,Low
17.22,89.0,17.61,0.01,Low
40.07,57.6,8.26,1.58,High
44.85,55.8,10.75,0.34,High
19.73,23.6,0.99,3.31,High
22.94,20.8,0.05,2.94,High
33.88,92.1,4.9,0.12,Moderate
40.45,36.1,13.61,0.17,High
28.72,40.3,2.43,1.03,High
20.66,77.2,2.28,1.41,Low
21.5,37.2,8.22,0.48,Moderate
32.82,95.4,12.96,1.89,Low
5.13,75.1,14.24,1.36,Low
29.78,61.8,3.57,0.59,Moderate
19.22,88.7,1.59,0.04,Low
36.77,9.7,18.81,2.08,Extreme
8.72,29.4,5.21,0.36,High
28.53,49.2,17.07,2.7,High
24.24,26.6,17.27,0.82,Extreme
30.69,75.7,15.45,1.29,Moderate
7.59,92.3,3.38,3.09,Low
28.2,45.3,16.44,2.99,High
27.46,37.5,15.39,0.7,High
27.43,96.3,11.93,0.35,Low
29.14,47.3,6.74,2.24,High
32.06,51.5,5.25,0.85,High
37.2,38.4,2.44,0.32,Extreme
15.79,91.4,10.2,3.52,Low
38.0,59.1,11.71,0.33,High
24.93,77.4,7.19,0.04,Low
8.08,82.1,9.51,0.03,Low
7.34,37.5,7.27,1.46,Moderate
18.37,46.2,12.82,1.63,Low
36.4,85.6,18.03,0.56,Moderate
33.31,39.5,3.28,0.58,High
36.54,80.4,7.63,0.62,Moderate
25.69,94.4,2.82,1.71,Low
22.61,64.2,12.5,0.09,Moderate
10.9,75.5,14.58,3.97,Low
18.13,81.5,18.64,0.38,Low
22.36,85.3,5.58,12.04,Low
8.54,42.5,19.0,0.28,Moderate
13.82,9.9,1.27,2.21,High
28.93,43.2,12.06,0.38,High
34.43,69.0,1.14,0.13,Moderate
44.93,47.8,17.88,3.12,Extreme
42.32,76.2,10.6,2.94,High
30.7,38.9,13.39,0.78,High
21.85,65.3,16.63,1.82,High
30.45,22.7,3.01,1.22,High
36.43,76.2,0.77,2.88,Low
9.73,56.8,17.58,0.57,Moderate
21.4,24.4,6.3,1.11,High
38.59,32.7,2.58,1.0,Extreme
20.35,76.1,9.37,0.66,Low
27.87,50.8,11.97,3.33,High
28.51,25.5,0.62,0.27,High
12.38,96.9,5.5,0.24,Low
19.49,72.9,0.66,1.29,Low
18.38,95.9,8.41,1.61,Low
6.05,45.6,17.9,0.32,High
5.97,50.1,19.65,0.74,Moderate
38.27,90.3,12.74,4.39,Low
15.92,54.9,3.23,0.42,Low
25.72,72.2,18.12,1.66,Moderate
16.95,29.0,10.32,2.02,Moderate
42.63,47.4,3.07,0.89,High
15.37,16.7,18.43,4.16,Extreme
22.19,24.6,15.15,2.0,Extreme
39.91,5.1,14.63,0.92,Extreme
38.68,8.7,14.18,1.26,Extreme
12.44,97.8,4.01,1.77,Low
37.11,28.0,4.22,1.35,Extreme
23.33,68.0,13.77,3.16,Low
24.32,84.7,4.39,0.66,Low
10.34,57.3,8.77,0.53,Moderate
8.22,19.5,15.64,0.36,Extreme
34.12,74.2,15.68,0.06,Moderate
24.86,62.0,9.07,0.07,Moderate
22.47,74.5,15.84,3.06,Moderate
34.18,78.1,16.77,1.7,Moderate
35.62,97.7,13.1,1.62,Low
11.36,59.5,4.57,1.43,Moderate
29.41,37.5,5.48,2.84,Moderate
10.41,66.6,6.3,0.98,Low
35.06,11.5,2.34,3.07,Extreme
31.28,90.3,5.46,0.67,Low
43.26,16.3,4.19,3.92,Extreme
7.76,36.1,9.11,1.8,Moderate
7.28,82.5,18.17,0.45,Low
16.29,61.7,2.09,1.25,Low
15.47,42.4,14.41,1.14,Moderate
14.88,50.0,13.75,0.22,Moderate
41.25,86.2,1.92,1.34,High
14.98,37.3,18.45,0.57,High
15.88,87.6,11.37,0.08,Moderate
35.38,13.4,7.27,4.45,Extreme
22.99,78.8,15.13,1.54,Low
36.07,85.5,5.15,3.14,Low
7.61,22.3,13.87,1.69,High
24.5,45.9,0.79,0.66,High
6.34,20.7,16.79,1.08,High
7.51,72.1,8.96,1.69,Low
41.26,55.9,12.73,4.84,Extreme
10.57,65.4,4.42,0.44,Low
26.3,23.7,13.54,3.12,Extreme
21.44,25.1,15.44,3.87,Extreme
18.89,8.9,9.46,1.66,Extreme
40.99,35.6,12.35,4.02,Extreme
5.87,58.2,9.13,0.76,Moderate
31.55,86.5,17.88,4.59,Moderate
43.54,68.4,9.96,1.82,Moderate
27.41,46.4,16.84,0.06,High
42.47,95.5,16.03,3.56,Moderate
7.09,73.3,8.21,0.99,Low
21.75,93.4,4.6,0.93,Low
15.41,55.1,8.12,1.25,Moderate
34.23,29.6,16.52,0.24,Extreme
44.25,10.0,4.55,0.95,Extreme
15.26,74.0,10.49,2.67,Low
31.17,16.5,16.12,0.02,Extreme
12.92,33.8,7.07,0.48,Moderate
27.61,55.6,12.84,0.0,Moderate
23.56,58.6,4.91,0.81,Moderate
43.88,62.1,2.19,1.95,High
29.34,20.8,15.89,2.4,High
18.98,41.1,1.98,4.36,Moderate
9.56,63.6,5.43,1.41,Low
11.05,97.1,17.1,0.44,Low
14.01,74.1,6.93,3.87,Low
15.04,92.6,19.46,2.24,Low
39.02,77.4,19.59,1.28,High
27.45,61.2,5.37,1.78,High
25.94,23.2,0.82,3.87,Extreme
9.59,68.3,14.1,1.87,Low
39.41,64.2,9.02,0.69,Moderate
33.91,62.2,2.02,1.87,Moderate
7.71,51.5,14.15,0.06,Moderate
33.31,55.2,0.62,0.73,Moderate
26.74,36.8,17.4,0.78,Extreme
8.27,54.3,2.77,0.27,Moderate
23.33,23.8,2.55,0.04,Extreme
24.39,81.5,3.51,0.21,Moderate
11.63,22.6,19.21,1.59,Extreme
42.83,13.1,13.86,2.43,Extreme
39.0,46.4,16.03,6.66,Extreme
31.76,67.5,7.95,0.64,Moderate
23.49,46.6,6.73,1.37,High
21.47,31.3,4.69,4.15,High
31.04,58.0,9.61,0.27,High
26.82,38.0,11.04,1.9,High
7.49,93.6,12.64,2.11,Low
25.5,92.7,5.14,0.14,Low
37.26,52.7,18.97,2.96,High
23.37,36.1,3.4,2.52,Extreme
7.08,75.0,19.31,0.05,Low
36.45,8.5,0.3,0.14,Extreme
13.05,50.1,9.62,0.08,Moderate
15.34,37.0,6.67,0.61,Moderate
11.59,92.5,8.98,1.07,Low
18.21,6.1,11.41,1.14,High
35.27,57.5,8.71,0.47,Moderate
25.78,75.4,8.3,3.64,Low
13.2,51.1,14.65,0.69,Moderate
40.11,13.1,13.72,0.07,Extreme
40.18,97.4,16.67,0.54,Moderate
39.82,54.2,5.0,1.14,High
14.55,63.3,12.19,0.79,Moderate
23.05,27.5,11.7,0.48,High
44.4,50.9,7.39,0.21,High
35.88,45.8,9.72,2.57,High
6.09,12.1,6.28,8.34,High
7.61,15.1,2.84,0.6,Moderate
23.56,84.6,4.28,0.72,Low
41.37,27.8,2.11,1.44,Extreme
26.55,23.5,13.66,1.9,Extreme
24.91,53.0,13.21,0.75,High
9.22,78.0,19.01,3.53,Low
31.27,10.9,14.59,1.23,Extreme
37.88,59.8,1.04,0.9,Moderate
20.22,16.3,17.68,1.56,Extreme
36.02,8.5,17.25,4.58,Extreme
43.58,10.0,8.87,2.37,Extreme
13.15,84.2,11.72,0.06,Low
25.93,16.2,19.52,0.61,Extreme
16.49,9.3,10.65,0.95,Extreme
36.71,46.6,18.11,0.57,High
28.1,85.2,1.66,1.81,Moderate
30.38,29.9,3.82,2.63,High
36.92,45.1,8.82,1.97,Extreme
20.84,8.8,11.7,6.81,Extreme
41.6,47.7,16.32,0.48,Extreme
26.32,59.9,19.77,3.12,High
11.32,59.2,7.78,2.18,Moderate
32.84,36.6,0.95,0.67,High
36.73,35.0,16.02,1.99,Extreme
17.67,15.1,12.09,0.16,High
39.29,39.8,3.97,2.34,High
41.25,14.5,9.9,1.14,Extreme
16.08,77.8,14.85,0.52,Low
44.34,96.8,15.41,1.6,Low
10.63,97.2,9.99,1.54,Low
13.08,87.2,6.1,0.35,Low
12.37,62.1,19.47,0.05,Moderate
40.76,71.6,13.27,0.85,High
31.17,32.1,8.16,1.26,Extreme
11.08,64.9,5.61,3.14,Low
22.61,48.3,14.62,3.95,High
29.61,50.8,4.84,1.13,Moderate
8.34,77.0,3.43,2.1,Low
40.3,31.8,10.6,0.87,Extreme
37.14,35.2,5.8,2.06,High
25.21,92.8,12.58,0.34,Low
43.69,10.3,2.36,0.7,Extreme
21.71,51.1,13.1,1.51,High
44.36,91.7,5.67,0.03,Low
31.72,63.0,0.0,1.92,Moderate
30.39,56.9,2.54,2.71,High
11.64,28.7,18.67,0.76,High
40.28,37.6,17.35,0.89,Extreme
22.1,85.9,4.67,2.86,Low
11.49,58.1,15.57,2.24,Moderate
5.5,53.9,12.17,0.51,Moderate
27.39,14.5,19.42,0.59,Extreme
26.1,6.5,7.47,1.7,Extreme
33.77,96.6,13.63,1.24,Low
40.61,40.8,1.27,0.27,High
8.18,62.3,7.92,0.56,Low
34.26,12.6,19.28,3.45,Extreme
12.5,69.9,10.78,1.75,Moderate
39.33,93.6,5.76,6.4,Low
37.76,59.7,2.41,2.19,Extreme
26.63,17.0,14.07,4.27,Extreme
33.41,60.3,12.9,0.37,High
17.57,77.8,7.48,2.21,Low
23.85,43.6,19.02,0.03,Moderate
37.87,88.6,0.44,1.67,Moderate
23.37,66.6,6.07,0.95,Low
19.31,90.4,18.42,0.64,Low
24.77,64.2,6.42,2.98,Low
38.13,17.5,5.05,2.89,Extreme
18.41,34.4,10.68,0.03,Moderate
11.95,24.2,16.48,1.41,High
33.48,91.3,2.06,0.69,Low
38.04,77.2,18.86,0.81,Moderate
9.03,69.3,15.9,2.68,Low
14.59,33.6,3.63,0.56,High
10.68,22.5,14.24,4.3,High
18.92,76.9,7.7,0.3,Low
23.01,50.0,8.05,1.63,High
34.95,26.5,15.67,1.67,Extreme
31.05,63.6,19.26,0.44,High
29.84,8.8,2.53,0.59,Extreme
19.09,36.0,8.41,2.7,High
38.66,49.5,9.62,2.15,High
23.85,19.1,7.53,0.6,Extreme
44.16,98.5,7.26,1.15,Moderate
30.37,24.9,1.05,0.1,Extreme
10.05,17.4,13.71,0.35,Extreme
32.05,24.3,8.72,1.0,Extreme
18.0,78.1,3.9,0.13,Moderate
32.45,45.4,16.32,2.78,High
7.79,58.7,16.05,1.9,Low
12.0,7.0,9.73,4.31,Extreme
39.23,8.3,5.97,1.77,Extreme
14.09,47.4,12.76,4.23,Moderate
38.48,82.6,5.76,1.21,Low
16.17,89.1,4.72,1.38,Moderate
30.72,13.2,14.61,5.66,Extreme
32.77,56.1,0.81,1.54,High
25.51,91.8,1.9,0.05,Low
17.21,41.9,0.14,1.93,High
13.51,83.8,3.06,3.54,Low
6.33,17.7,1.38,2.38,High
17.16,93.9,19.92,1.32,Low
31.13,76.4,5.78,1.67,Moderate
42.53,94.4,2.99,6.94,Low
39.85,69.3,4.82,0.14,Moderate
35.64,39.5,18.72,1.65,Extreme
36.54,94.1,10.4,0.5,Moderate
31.6,31.2,7.3,1.53,Extreme
15.41,36.6,17.47,1.4,Extreme
41.29,71.6,7.9,0.25,Low
31.83,77.7,6.7,0.35,Moderate
27.42,93.3,4.15,1.46,Low
9.44,24.5,7.56,0.21,High
22.88,80.8,6.33,0.46,Low
23.41,75.2,13.55,2.7,Moderate
39.58,11.1,5.79,0.59,Extreme
26.87,41.8,11.54,1.0,Extreme
20.22,31.9,1.32,4.25,High
44.07,33.9,3.83,0.39,Extreme
9.43,98.4,8.15,0.74,Low
21.9,66.1,18.74,1.4,Low
6.68,73.2,7.55,2.11,Low
34.6,97.8,13.28,3.48,Moderate
41.72,40.8,5.1,3.71,Extreme
16.2,81.2,2.54,2.25,Low
39.33,46.3,1.17,0.39,High
16.69,87.6,6.11,0.04,Low
41.43,22.2,3.15,0.73,Extreme
35.16,95.0,3.48,0.23,Moderate
37.2,25.8,15.22,1.86,Extreme
5.72,36.0,0.32,1.62,Moderate
43.51,76.8,11.16,0.07,Moderate
34.07,42.4,7.59,2.72,Extreme
17.19,62.8,10.13,0.43,Moderate
38.18,47.2,11.26,0.85,High
16.26,75.5,6.27,1.65,Low
39.91,26.7,5.9,0.84,High
9.5,10.6,14.67,0.87,Extreme
33.15,33.5,17.43,0.1,High
26.63,50.1,3.85,0.77,High
8.86,21.0,1.95,2.17,Moderate
14.68,38.7,17.96,3.7,Moderate
5.5,43.0,7.0,0.8,Moderate
23.75,10.5,11.03,0.83,Extreme
17.05,60.4,7.19,1.82,Low
28.93,89.0,2.52,4.29,Low
16.89,19.4,11.79,0.47,High
17.0,61.8,10.5,0.87,Moderate
34.73,68.2,4.06,2.38,High
6.93,44.8,9.04,1.41,Moderate
41.12,71.6,15.94,0.18,High
39.09,44.0,11.81,1.48,Extreme
31.71,52.9,1.94,0.31,High
28.73,5.7,10.96,1.07,High
40.69,70.7,14.05,1.13,High
12.41,67.8,15.85,3.13,Moderate
8.16,8.6,12.58,0.93,High
14.58,40.0,3.05,0.49,High
36.78,98.0,14.2,0.39,Moderate
6.39,45.0,13.55,3.11,Moderate
28.31,52.7,0.49,0.28,Moderate
44.82,91.4,8.23,0.83,Low
39.23,73.1,6.66,0.31,Moderate
25.86,60.3,13.39,2.23,Moderate
7.55,80.8,4.32,0.96,Low
38.25,87.1,11.82,0.65,Low
28.96,48.4,18.26,0.67,High
9.6,50.1,15.96,2.87,Moderate
8.75,41.7,18.43,1.21,Moderate
41.39,96.8,19.57,1.9,High
31.77,71.2,0.21,3.41,Moderate
38.17,12.9,12.45,3.48,Extreme
40.16,87.0,8.26,0.6,Low
27.87,50.7,17.2,4.57,High
25.7,11.5,5.04,0.04,Extreme
22.22,57.2,19.62,0.71,High
17.68,44.6,12.27,3.39,High
22.38,88.4,15.87,0.48,Low
35.96,24.4,1.71,0.48,Extreme
29.08,83.5,3.67,0.54,Low
40.7,58.0,15.17,1.42,High
22.74,10.2,0.44,0.87,High
29.28,97.3,16.34,1.95,Low
30.25,53.7,0.28,3.38,Moderate
28.67,32.6,13.14,1.68,High
33.11,49.6,7.3,0.34,Extreme
14.5,86.5,12.23,4.05,Low
25.49,34.0,13.92,0.46,High
9.17,23.3,6.85,0.24,High
20.38,17.3,2.16,0.14,High
24.51,33.3,1.39,1.24,Extreme
31.09,79.1,11.78,0.18,Moderate
43.02,49.8,10.41,0.22,Extreme
29.03,26.6,14.84,0.54,Extreme
34.74,20.8,10.19,0.5,Extreme
25.25,36.6,8.45,1.39,High
30.36,94.3,7.96,2.55,Low
7.84,37.6,0.53,2.15,High
15.18,98.9,6.71,0.46,Low
19.47,51.1,19.52,0.42,High
23.9,22.0,17.47,5.06,Extreme
6.83,89.7,6.59,0.01,Low
10.6,48.7,11.76,3.18,Moderate
16.07,72.4,16.95,0.33,High
43.86,98.5,8.83,4.41,Low
18.25,9.8,0.36,0.63,Extreme
24.28,14.2,1.49,0.87,Extreme
12.84,73.4,10.21,1.84,Low
29.43,31.8,19.39,1.33,Extreme
16.23,22.5,13.86,0.57,High
13.28,8.7,1.42,1.21,Extreme
25.66,7.1,3.79,1.97,Extreme
5.22,78.6,15.43,0.06,Low
5.31,17.8,16.83,0.02,Moderate
13.76,49.4,12.35,0.92,Moderate
6.47,62.6,12.89,0.21,Low
9.32,45.7,0.57,1.64,Moderate
18.55,7.6,16.57,0.36,Extreme
37.1,79.4,15.77,0.85,Moderate
27.88,6.0,5.18,0.33,Extreme
25.51,77.4,14.17,1.19,Low
16.74,89.9,4.3,0.19,Low
42.27,46.1,0.81,0.04,High
20.88,55.9,4.02,0.08,High
8.48,50.3,3.57,4.63,Moderate
29.68,42.0,6.75,0.23,High
9.55,89.3,8.37,1.85,Low
18.81,89.9,10.17,0.11,Low
25.3,36.9,9.54,0.17,Moderate
39.97,63.4,5.41,1.07,High
24.74,93.1,0.58,0.94,Low
33.09,96.4,12.1,4.54,Low
44.71,53.4,7.91,4.35,High
10.26,48.0,5.97,2.27,Low
15.99,31.5,17.34,1.38,High
20.78,96.1,14.93,0.91,Low
21.87,18.6,17.16,0.66,High
21.44,60.1,9.9,4.41,Moderate
41.3,31.8,2.62,1.39,Extreme
33.56,31.5,13.92,1.3,Extreme
29.32,43.5,4.12,0.4,High
17.37,99.9,8.82,0.07,Low
37.95,10.2,1.3,4.36,Extreme
43.2,60.0,16.51,0.56,High
37.85,12.8,2.52,0.88,Extreme
5.06,19.7,18.06,0.18,High
30.46,46.8,17.28,2.72,High
7.05,53.5,9.29,0.04,Low
15.3,29.6,14.89,2.69,Moderate
7.38,35.1,12.39,0.23,Moderate
29.15,13.3,16.06,3.26,Extreme
32.46,33.8,8.64,1.96,Extreme
9.58,96.8,15.72,0.27,Low
20.35,94.7,9.25,1.25,Low
23.25,36.8,18.82,0.56,Extreme
19.76,59.2,9.73,0.29,Moderate
9.84,91.4,9.25,2.94,Low
21.76,5.6,15.7,0.78,Extreme
35.05,82.0,16.43,0.76,High
7.84,95.1,11.09,0.28,Low
8.21,13.7,3.6,0.72,Extreme
19.19,20.3,9.36,3.08,High
42.67,96.3,19.36,0.68,Low
31.74,56.1,15.06,4.54,Moderate
32.15,6.3,16.22,4.39,Extreme
19.48,29.5,0.66,0.23,Moderate
28.75,47.7,9.36,0.29,High
5.41,70.8,12.93,2.98,Low
30.44,74.7,16.6,0.75,Moderate
41.53,99.6,0.99,0.01,Low
29.5,32.3,17.05,0.48,Extreme
39.95,56.1,10.97,1.37,High
33.96,55.7,3.95,2.41,Moderate
9.82,43.5,6.35,0.21,Moderate
41.1,21.1,5.64,0.18,Extreme
7.66,97.9,10.62,3.83,Low
26.36,86.1,1.03,2.09,Low
10.69,52.3,3.17,1.34,Low
5.47,62.3,16.25,2.2,Low
21.88,26.6,2.65,0.84,Extreme
16.8,56.7,4.67,2.13,Moderate
24.44,71.0,9.07,0.7,Moderate
28.09,53.9,10.34,0.42,High
6.75,99.1,15.27,1.96,Low
9.92,63.1,8.95,0.82,Low
27.35,40.2,15.8,5.98,Extreme
18.73,78.4,12.37,0.64,Low
34.17,21.2,2.26,3.82,High
31.09,41.5,3.13,4.05,High
38.82,38.0,8.74,0.42,Extreme
32.7,46.0,7.94,2.4,Moderate
22.2,79.3,14.87,0.85,Moderate
31.92,51.0,11.61,3.74,Extreme
16.02,80.4,7.76,0.9,Low
17.25,59.8,3.42,2.05,Low
36.56,37.5,4.54,0.94,Extreme
22.86,81.9,11.51,0.39,Low
36.94,27.6,8.47,0.33,Extreme
37.9,26.3,10.3,0.83,Extreme
39.3,52.9,3.41,2.11,Moderate
41.67,29.8,13.26,1.39,Extreme
22.24,5.9,17.05,1.75,Extreme
17.75,66.6,5.16,0.5,Low
28.29,53.6,9.83,0.99,High
19.85,47.3,19.51,0.07,Extreme
29.04,96.9,6.66,2.55,Low
33.22,59.3,11.9,6.89,High
32.54,87.0,1.8,0.78,Low
19.98,18.2,12.12,0.02,Extreme
11.67,59.1,1.79,0.28,Low
22.22,87.5,19.18,1.59,Low
10.7,60.4,14.31,1.42,Moderate
40.6,73.2,15.76,2.33,High
18.84,40.3,14.08,0.44,Moderate
11.18,13.8,11.79,2.16,Moderate
6.02,48.5,9.0,1.75,Moderate
30.83,42.5,17.17,0.58,Extreme
30.48,87.4,19.14,1.18,Moderate
18.62,28.2,9.98,0.24,Extreme
7.87,96.8,18.63,0.9,Low
21.39,96.0,11.67,3.2,Low
17.45,28.5,10.77,0.82,Moderate
32.08,38.1,9.09,2.74,High
29.23,90.1,4.19,1.34,Low
19.58,96.8,0.07,0.32,Low
13.72,47.1,4.83,1.31,Moderate
44.52,35.5,10.19,1.06,Extreme
23.16,55.0,7.6,0.76,Moderate
32.53,70.3,8.97,0.19,Moderate
10.62,31.0,19.61,0.81,Extreme
24.42,75.0,7.01,0.11,Low
6.1,9.9,9.04,0.16,High
25.22,9.7,2.67,0.81,Extreme
43.56,41.7,0.96,0.55,Moderate
20.37,38.6,15.51,3.9,High
6.56,35.0,11.41,0.71,High
6.24,51.6,15.21,2.13,High
20.52,35.5,3.0,1.13,High
11.4,23.3,11.44,1.83,High
5.93,34.4,5.07,0.45,Moderate
35.25,97.6,4.56,4.27,Low
23.34,44.1,0.23,1.13,Moderate
16.57,47.2,2.61,2.67,Moderate
41.0,59.8,6.19,0.68,High
9.65,98.4,2.34,0.16,Low
43.24,28.0,19.72,1.68,Extreme
17.56,69.7,6.17,0.01,Low
40.54,73.0,2.61,0.97,Moderate
29.12,62.7,3.98,0.32,Moderate
38.07,13.4,11.75,1.48,Extreme
44.36,69.3,1.28,5.83,Moderate
16.54,11.1,17.25,0.94,Extreme
43.45,61.6,19.23,2.55,High
20.58,75.3,4.93,1.06,Low
20.42,25.0,9.0,1.03,High
18.62,85.0,0.44,4.0,Low
26.66,7.9,12.81,3.31,Extreme
11.17,85.2,8.28,2.31,Low
27.15,48.7,5.4,0.53,Moderate
26.67,25.7,4.14,1.18,High
35.48,17.7,13.08,0.38,Extreme
38.35,95.6,8.32,0.88,Low
22.62,11.9,3.59,0.99,Extreme
17.09,23.9,13.78,2.67,Extreme
15.37,38.0,11.3,3.4,Moderate
12.78,63.9,17.17,0.8,Moderate
7.31,56.8,2.35,0.03,Moderate
18.7,16.9,15.71,2.97,High
15.81,32.5,13.47,0.29,Moderate
43.66,27.7,2.3,1.46,Extreme
27.31,25.3,13.9,0.04,Extreme
18.89,44.1,8.83,0.77,Extreme
28.22,71.9,18.9,6.4,Moderate
10.57,25.7,2.83,0.16,Moderate
22.76,39.8,12.86,0.83,High
30.05,42.1,7.64,0.55,High
24.56,97.8,19.14,3.53,Low
21.07,95.7,6.6,3.05,Low
44.75,81.0,19.24,0.41,High
40.21,28.0,18.03,0.13,Extreme
29.94,11.5,5.41,1.48,Extreme
27.78,35.1,16.07,0.62,Extreme
29.83,30.3,19.91,1.67,Extreme
13.05,53.1,5.05,0.05,Moderate
20.81,78.9,8.74,0.21,Low
6.58,86.5,10.4,1.74,Low
24.02,85.3,5.9,0.36,Low
26.72,39.2,0.31,2.92,High
14.11,70.3,4.4,0.09,Low
43.56,34.7,5.64,0.36,Extreme
41.38,10.8,8.87,9.81,Extreme
33.89,71.6,3.42,0.85,Moderate
26.34,5.9,17.47,1.82,Extreme
39.8,43.9,14.1,0.3,Extreme
10.23,36.3,1.7,1.41,Moderate
36.62,70.9,13.0,1.94,Moderate
9.99,77.8,13.07,0.57,Low
36.77,33.9,19.12,2.65,Extreme
16.03,82.1,0.06,1.39,Low
40.08,32.9,4.96,0.74,Extreme
42.76,47.4,18.56,1.22,Extreme
10.95,74.1,18.64,1.29,Low
23.51,70.8,14.41,0.27,Moderate
44.24,98.8,15.32,0.77,Low
24.34,26.4,1.83,0.63,High
39.54,67.9,10.28,0.77,High
28.55,62.9,4.63,2.15,Moderate
20.01,91.9,3.62,0.99,Low
16.43,19.9,16.21,4.23,Extreme
13.13,76.4,2.7,0.52,Low
35.47,59.0,9.37,0.81,Extreme
20.46,31.1,18.77,2.32,Extreme
25.45,50.1,3.72,1.18,High
24.69,36.7,19.56,1.19,High
28.09,60.0,19.89,0.08,Moderate
39.62,89.5,11.11,0.76,Low
44.23,59.1,3.4,0.47,High
21.3,65.0,6.32,10.97,Low
38.1,54.3,8.49,0.55,High
35.58,9.9,6.19,3.24,High
27.94,27.1,5.61,1.69,High
43.24,51.7,19.44,0.63,Extreme
13.02,34.5,3.07,1.18,High
9.37,22.3,14.67,2.75,High
39.16,52.9,0.01,3.22,Moderate
22.57,35.7,11.92,0.26,Extreme
38.88,29.5,18.32,0.62,Extreme
40.72,49.1,5.76,0.61,High
7.5,17.7,3.71,0.06,Moderate
40.34,93.1,13.03,1.37,Low
22.93,87.4,14.25,2.89,Low
25.42,72.2,13.76,0.72,Moderate
30.06,15.1,6.39,2.02,Extreme
42.06,78.7,5.04,1.48,High
5.76,81.8,19.12,0.71,Low
24.07,77.9,18.47,0.23,Low
32.51,15.8,9.15,1.85,Extreme
33.91,66.2,16.92,2.89,Moderate
32.7,84.3,9.05,1.74,Low
10.38,59.8,8.49,0.03,Low
16.98,66.4,3.14,0.37,Low
19.35,48.5,8.53,0.11,Moderate
37.18,55.2,10.75,1.27,High
16.15,8.3,0.45,2.12,High
13.43,65.7,8.88,0.18,Moderate
43.3,12.7,15.63,2.73,Extreme
5.35,46.3,13.6,1.22,Low
44.91,32.8,12.7,1.76,Extreme
32.07,56.8,18.19,5.33,Moderate
38.14,17.7,0.36,0.13,Extreme
16.78,70.7,11.14,3.47,Moderate
5.57,80.5,15.75,0.2,Low
34.51,20.5,10.83,0.75,Extreme
38.37,14.9,6.48,2.86,Extreme
34.62,18.8,2.73,3.55,Extreme
10.71,88.3,17.75,1.06,Moderate
35.14,55.2,9.42,1.35,High
35.76,49.4,17.56,1.85,High
31.34,15.1,11.72,2.68,Extreme
35.64,66.7,13.48,0.19,Moderate
38.84,87.5,16.09,2.49,Moderate
29.54,83.7,13.18,0.98,Low
8.54,64.5,7.96,0.9,Low
24.51,12.2,10.27,0.83,Extreme
8.11,15.7,16.06,1.07,High
21.3,9.7,7.47,4.35,High
21.28,29.5,7.76,1.19,Extreme
7.64,17.9,1.91,4.59,Moderate
18.95,29.7,18.29,0.3,High
9.44,41.6,1.82,1.93,Moderate
37.33,94.6,12.96,2.51,Low
42.91,63.0,8.26,1.71,High
7.89,84.3,8.11,1.4,Low
43.2,72.5,13.59,1.25,High
25.9,15.7,1.34,2.96,High
16.98,74.9,11.87,2.59,Low
8.07,31.1,15.44,0.2,High
25.02,65.7,16.56,2.83,High
36.78,37.4,3.41,0.8,High
33.28,99.8,17.95,0.44,Moderate
7.01,30.0,13.12,3.06,High
7.92,31.5,17.64,0.85,High
21.11,93.4,9.71,2.48,Low
16.81,7.3,10.84,0.46,Extreme
14.3,71.2,18.38,0.01,Moderate
16.24,73.9,18.0,1.03,Moderate
37.14,84.5,8.96,0.16,Low
42.17,97.6,5.49,2.11,Moderate
21.2,97.7,7.86,0.48,Low
41.24,11.2,7.76,0.88,Extreme
17.86,83.1,5.74,0.14,Low
24.06,66.4,5.37,0.51,Moderate
14.04,66.5,17.22,2.28,Low
30.62,17.2,1.4,0.25,Extreme
44.16,66.8,13.55,1.56,Moderate
29.14,98.3,3.46,3.74,Low
19.31,91.6,6.89,1.71,Low
30.91,46.7,1.23,2.5,Moderate
9.92,8.8,5.4,0.17,High
40.55,39.4,15.37,0.43,Extreme
25.12,83.5,17.7,3.37,Moderate
22.97,71.6,4.43,1.88,Low
28.43,48.6,9.27,1.53,High
29.99,10.2,9.41,1.63,High
7.87,45.6,17.47,0.8,High
32.3,49.6,15.26,0.07,High
14.68,93.2,10.26,2.3,Low
33.56,65.9,13.41,1.7,Moderate
37.9,34.6,16.95,0.96,Extreme
37.16,54.9,0.19,3.45,High
27.1,11.3,8.06,0.61,Extreme
25.81,97.4,18.14,0.52,Low
10.72,39.2,14.81,3.09,High
36.01,50.4,10.86,2.39,High
15.86,38.8,10.59,1.09,High
24.87,69.8,6.96,0.21,Moderate
16.37,67.9,10.41,0.36,Moderate
10.35,73.0,13.11,1.6,Moderate
30.18,30.5,8.37,0.73,Extreme
7.17,35.0,14.28,2.72,Moderate
34.95,16.9,17.22,4.49,Extreme
17.7,67.3,3.09,2.46,Low
5.01,8.8,9.03,0.71,High
25.45,61.8,8.16,2.33,High
6.87,87.6,13.75,0.65,Low
16.05,89.6,5.0,0.27,Low
33.28,47.7,12.81,0.05,High
7.51,48.6,17.55,0.73,Moderate
38.57,12.3,8.36,3.51,Extreme
5.15,68.7,18.22,0.41,Low
14.87,83.0,19.86,0.35,Moderate
34.64,28.2,2.12,5.25,Extreme
17.65,45.0,4.66,0.04,Moderate
9.08,84.7,19.01,2.31,Low
19.41,88.3,19.17,0.58,Low
15.82,28.1,1.95,0.06,High
38.71,57.3,0.3,3.75,High
17.53,23.3,3.22,0.23,High
36.56,14.7,19.92,1.2,Extreme
40.67,91.6,3.6,0.48,Low
22.35,82.9,10.05,0.1,Low
41.4,77.2,16.97,0.08,High
20.09,9.6,0.41,0.18,Extreme
43.56,85.2,12.09,0.11,Moderate
8.57,46.6,5.54,2.14,High
32.48,37.5,17.25,1.0,Extreme
24.75,56.9,5.67,0.63,High
20.51,13.7,13.74,0.81,Extreme
30.31,76.9,13.48,3.97,Low
33.15,60.3,4.43,3.62,Moderate
5.17,22.7,0.7,1.89,Moderate
11.68,22.9,8.18,3.24,Extreme
33.52,22.5,5.78,0.58,Extreme
31.66,10.4,16.18,0.72,Extreme
43.64,60.8,16.01,1.43,Extreme
35.44,84.8,9.14,1.47,Low
43.03,6.7,12.13,0.99,Extreme
33.1,9.7,12.09,0.77,Extreme
16.92,59.4,16.54,6.42,Moderate
9.21,82.9,8.5,2.58,Low
36.27,36.0,5.51,0.86,Extreme
30.77,38.2,5.3,1.95,High
6.93,61.7,10.72,0.47,Moderate
19.4,31.1,8.98,0.16,High
43.27,7.5,8.8,0.65,Extreme
25.02,74.8,1.82,0.77,Low
22.31,64.4,14.37,0.03,Low
23.31,60.2,4.27,2.53,Low
13.36,75.5,3.94,0.67,Low
19.75,69.1,8.26,1.3,Moderate
19.79,24.6,4.56,0.12,High
7.09,38.5,11.68,0.29,Moderate
35.7,17.0,7.43,3.31,Extreme
21.66,17.3,8.98,1.41,Extreme
37.89,69.2,10.74,4.5,Moderate
39.01,86.6,4.07,10.03,Low
13.48,96.5,3.12,0.7,Low
31.29,64.7,17.61,0.53,High
23.89,22.5,8.67,2.93,High
40.21,15.0,8.24,9.87,Extreme
13.63,82.2,0.71,1.49,Low
32.11,60.0,9.96,2.38,High
29.31,63.7,11.08,2.28,Moderate
16.81,79.2,11.18,0.66,Low
10.46,71.8,14.14,1.28,Low
31.07,84.3,3.55,2.69,Low
34.54,10.3,5.04,1.75,Extreme
17.63,76.0,16.21,0.03,Low
30.79,85.8,18.94,0.62,Moderate
20.81,32.2,2.72,0.23,High
33.53,65.8,9.95,0.4,High
12.97,34.8,4.28,3.54,Moderate
40.61,96.0,1.2,0.06,Low
16.5,8.2,6.51,0.37,Extreme
19.71,60.1,2.87,0.56,Moderate
7.32,20.8,14.2,1.44,High
9.46,72.7,10.67,1.15,Moderate
25.63,21.7,2.88,0.37,Extreme
15.7,27.4,0.18,0.27,Moderate
38.42,52.0,16.16,0.41,Extreme
5.59,91.9,3.52,1.05,Low
20.16,25.1,12.12,0.47,Extreme
18.49,18.7,6.74,4.42,High
5.77,77.1,11.71,0.94,Low
9.97,52.6,6.31,0.09,Low
21.55,91.6,1.74,1.96,Low
24.71,18.9,4.46,0.6,High
21.17,66.4,3.76,1.59,Low
26.24,27.1,8.56,0.49,Extreme
28.81,19.9,13.17,1.27,Extreme
5.4,69.9,5.28,2.22,Low
23.56,61.4,0.24,3.95,Moderate
43.54,76.7,10.38,0.45,High
25.76,34.4,12.12,0.61,Extreme
32.1,47.6,19.26,0.94,High
17.47,43.5,11.79,3.93,Moderate
35.96,98.5,9.42,3.47,Low
35.92,32.8,11.47,0.14,Extreme
25.85,33.0,18.56,0.21,Extreme
44.04,38.7,16.57,1.03,Extreme
10.02,58.6,6.46,0.17,Moderate
5.68,29.0,4.75,0.64,Moderate
35.81,92.0,5.25,0.24,Low
37.29,30.2,10.09,1.52,Extreme
9.81,90.1,14.88,4.48,Low
15.62,14.8,10.06,8.59,High
5.7,67.4,1.36,0.71,Low
16.73,91.2,14.47,1.37,Low
35.93,21.0,16.12,2.91,Extreme
25.72,97.0,5.79,0.19,Low
18.92,48.0,13.28,1.75,High
19.87,94.8,8.53,0.79,Low
5.05,69.3,17.78,0.35,Low
16.99,33.7,16.9,0.77,High
30.86,22.9,10.51,0.12,Extreme
43.97,33.9,13.83,1.78,Extreme
38.88,13.8,17.67,0.44,Extreme
5.94,18.7,9.91,0.56,High
40.94,14.9,6.27,0.19,Extreme
36.33,45.2,15.07,3.0,High
36.22,80.6,4.4,1.02,Low
23.32,18.4,7.77,1.27,Extreme
20.92,17.4,17.31,1.26,High
17.12,66.1,14.49,0.79,Low
7.63,23.7,8.08,0.32,Moderate
14.13,14.3,4.29,2.05,High
14.86,20.9,7.12,0.2,High
24.36,92.8,5.68,0.16,Low
34.9,83.0,3.52,1.86,Low
23.95,38.6,14.87,0.35,High
7.31,67.3,5.04,0.55,Low
43.31,56.0,9.08,0.97,Extreme
42.71,69.3,7.72,0.89,High
36.41,69.9,19.64,1.85,High
44.65,64.7,7.82,1.46,Moderate
26.78,30.3,1.6,1.55,High
43.51,8.7,1.8,1.88,Extreme
8.02,48.3,11.82,0.52,Moderate
19.63,89.6,11.99,0.58,Low
14.02,59.1,8.38,0.86,Moderate
12.83,84.1,8.64,0.55,Low
10.63,99.2,1.08,6.29,Low
29.9,20.5,10.33,2.52,Extreme
36.25,70.7,10.09,0.27,Moderate
28.13,69.1,2.99,0.01,Low
10.88,98.1,2.08,0.07,Low
37.44,98.6,2.47,0.42,Low
30.44,70.2,2.02,0.18,High
20.53,28.1,12.19,1.14,High
31.97,80.9,3.93,2.93,Moderate
15.4,15.2,5.03,2.0,Extreme
18.81,79.2,3.47,0.36,Low
41.7,91.5,19.16,0.76,Moderate
16.62,41.4,17.09,1.06,High
23.8,64.9,4.61,2.49,Moderate
40.61,45.9,6.55,2.74,High
33.31,46.6,4.2,3.61,Moderate
7.49,34.5,9.84,1.07,Moderate
10.89,77.4,0.39,1.78,Low
5.31,93.9,13.43,0.18,Low
30.24,94.4,10.46,1.25,Moderate
22.91,21.6,17.97,0.43,Extreme
10.37,88.1,3.29,0.85,Low
43.32,75.1,16.08,1.51,High
26.19,29.0,15.84,0.45,Extreme
14.68,11.4,2.54,0.08,High
25.02,30.5,7.97,0.02,Extreme
32.18,91.7,3.4,0.03,Low
8.05,65.2,5.09,0.01,Low
15.99,73.5,5.26,0.18,Low
37.28,29.4,11.12,0.41,Extreme
23.39,73.3,8.23,0.38,Moderate
26.86,7.7,18.95,6.49,Extreme
22.31,40.7,2.53,0.55,High
6.76,64.5,19.47,0.2,Moderate
11.63,18.9,4.61,1.18,High
22.82,83.2,15.46,2.93,Low
13.37,27.3,6.78,1.7,High
7.0,67.0,2.86,0.53,Low
38.75,43.5,17.16,1.24,Extreme
44.25,61.6,6.18,1.88,High
36.73,15.2,13.18,1.95,Extreme
39.15,6.6,11.33,1.65,Extreme
14.68,91.4,9.44,3.07,Low
43.43,30.6,9.92,3.06,Extreme
12.88,82.9,14.64,1.3,Low
43.06,99.9,1.76,0.84,Low
44.79,25.1,13.36,1.54,Extreme
33.47,30.2,17.92,2.56,Extreme
44.25,68.0,1.16,0.01,High
27.78,96.7,2.81,7.24,Low
15.38,92.0,14.33,0.3,Moderate
22.48,52.8,8.75,0.95,Moderate
28.74,80.5,8.07,3.08,Low
7.92,17.9,2.74,0.38,High
29.89,97.9,10.14,0.97,Low
44.25,96.6,2.53,0.21,Moderate
12.6,20.6,9.53,0.75,High
36.7,33.4,15.27,0.29,Extreme
41.32,14.5,5.17,0.68,Extreme
42.75,30.8,9.62,0.7,High
43.41,82.5,19.84,7.48,Moderate
25.86,40.9,13.73,7.89,High
44.09,13.4,16.83,0.18,Extreme
35.29,37.5,8.3,1.94,High
11.47,98.2,15.36,0.08,Low
24.08,64.8,0.81,0.05,Low
33.73,44.5,2.46,0.17,High
14.89,20.8,4.06,5.05,High
30.62,98.7,8.04,4.24,Low
31.66,83.0,16.91,0.32,Low
11.51,31.7,6.93,0.26,High
27.6,11.7,13.09,0.41,Extreme
35.87,10.4,14.19,1.09,Extreme
24.96,16.4,11.72,1.26,Extreme
5.48,60.2,7.14,0.38,Low
5.36,93.2,11.54,2.12,Low
19.28,52.2,6.85,0.56,Moderate
42.05,85.1,1.68,3.83,Low
14.15,47.4,19.86,1.6,Moderate
30.37,72.3,2.54,0.86,Moderate
13.88,74.5,1.45,2.34,Low
17.87,21.5,17.57,2.55,Extreme
38.92,39.3,6.04,0.51,Extreme
34.15,65.5,13.01,0.62,High
8.82,11.7,6.58,4.12,High
22.15,39.3,7.83,0.27,Extreme
6.17,55.8,5.24,0.06,Low
24.24,99.6,6.86,0.91,Low
31.5,50.1,8.21,2.42,High
9.74,82.5,14.41,2.22,Low
16.56,46.0,10.23,3.78,High
20.91,80.7,18.87,1.14,Moderate
41.78,61.6,0.84,0.16,Moderate
44.73,89.2,10.06,1.33,Moderate
6.8,44.0,11.68,2.26,Moderate
35.44,62.4,18.4,0.15,High
19.87,64.9,0.98,0.28,Low
20.7,44.7,11.47,0.02,High
35.17,18.7,17.07,1.35,Extreme
41.74,13.9,4.84,3.27,Extreme
43.04,6.6,17.53,1.67,Extreme
28.08,88.0,0.38,6.03,Low
19.28,27.5,14.65,0.1,High
36.5,25.1,18.66,3.5,Extreme
15.04,74.9,13.14,2.52,Moderate
27.56,35.4,8.78,0.57,High
19.34,53.1,0.9,5.45,Moderate
31.27,20.4,18.4,0.51,Extreme
14.62,96.2,9.41,3.3,Low
12.66,85.9,0.58,3.19,Low
41.73,87.1,13.8,2.13,Moderate
9.07,43.6,9.64,1.24,Moderate
25.24,77.4,2.49,0.19,Moderate
13.83,18.7,4.29,1.14,High
6.56,5.8,1.29,0.66,Extreme
6.44,6.9,11.49,2.36,Extreme
12.01,60.7,12.44,2.13,Moderate
39.67,48.3,10.11,3.62,High
16.3,54.2,16.34,0.02,Moderate
43.02,5.7,17.22,2.48,Extreme
28.26,45.2,12.31,4.18,High
22.46,73.2,0.26,2.34,Moderate
28.2,47.1,13.9,0.21,High
25.67,74.6,8.36,0.13,Moderate
35.35,27.1,11.31,0.03,Extreme
16.3,82.2,12.98,1.49,Low
19.12,60.9,7.0,1.49,Moderate
40.76,25.0,18.34,6.5,Extreme
42.86,27.5,2.68,0.76,Extreme
40.7,64.7,13.43,0.6,High
21.78,83.8,0.09,1.47,Low
36.21,44.5,18.49,2.62,High
24.05,29.5,2.25,4.14,Moderate
24.9,87.4,1.9,2.44,Low
13.19,68.6,6.66,0.83,Low
28.65,47.6,7.47,1.51,Moderate
12.45,51.4,4.29,2.91,Moderate
18.26,24.4,11.7,1.01,Extreme
39.2,64.5,8.86,0.37,High
13.28,39.1,0.68,0.28,Low
7.85,99.6,6.39,0.0,Low
7.76,50.6,16.21,1.9,Moderate
42.63,51.2,13.79,0.18,Extreme
25.28,58.8,14.5,0.42,High
21.38,92.1,13.96,0.53,Low
37.44,81.1,6.22,1.23,Moderate
38.43,47.9,1.99,0.76,High
18.29,73.3,5.45,1.68,Low
32.74,60.7,16.64,0.09,High
35.84,51.8,19.61,0.2,High
31.19,23.3,9.88,1.04,Extreme
11.06,49.1,0.19,0.62,Moderate
40.04,28.4,2.8,0.53,Extreme
26.56,91.9,6.44,0.1,Low
16.3,36.9,11.57,3.39,Moderate
22.01,95.5,1.5,1.77,Low
6.5,55.6,18.87,0.19,Moderate
10.11,65.0,7.3,0.1,Low
35.62,56.6,18.25,5.53,High
5.0,17.3,15.61,1.71,Extreme
21.66,40.7,15.11,0.81,High
25.9,14.4,12.13,1.81,Extreme
7.19,64.2,12.54,2.12,Low
43.92,47.5,12.76,2.27,High
14.05,78.9,12.57,0.97,Low
17.17,25.9,11.07,0.84,Extreme
17.16,20.6,19.73,0.02,Extreme
14.22,43.6,14.65,3.92,High
5.06,93.0,15.54,1.39,Low
34.17,72.5,17.45,0.34,High
43.67,44.8,4.31,3.78,High
13.97,54.1,1.68,3.7,Low
31.52,13.0,9.66,6.79,Extreme
34.68,98.5,10.28,3.11,Low
38.94,68.3,16.58,9.17,High
21.91,32.1,8.88,0.42,High
17.12,60.7,11.42,2.77,Moderate
18.01,15.4,10.54,2.6,Extreme
33.5,96.8,0.76,0.39,Low
37.67,21.6,12.3,0.16,Extreme
12.26,66.6,16.56,5.83,Moderate
19.84,28.3,3.15,0.53,High
41.08,73.2,11.89,3.07,Moderate
37.27,78.8,11.87,0.01,Moderate
44.39,69.0,3.28,0.03,High
35.17,63.4,2.47,0.94,Moderate
20.73,89.8,19.6,0.41,Moderate
28.63,12.5,7.87,1.76,Extreme
31.44,36.4,4.55,1.25,High
8.14,28.6,3.43,0.12,Moderate
26.78,98.9,13.35,0.27,Low
33.37,42.0,12.19,0.74,High
11.69,74.6,12.87,0.31,Low
36.23,70.0,1.76,2.36,Moderate
28.35,25.1,17.87,0.81,Extreme
43.09,27.7,7.79,0.15,Extreme
6.7,31.7,6.27,0.99,High
15.61,44.1,9.25,0.14,High
29.06,27.3,7.8,0.21,High
16.86,6.9,17.27,0.41,Extreme
33.58,88.5,18.59,2.94,Moderate
35.36,96.7,6.07,3.88,Moderate
9.1,37.4,17.28,2.63,High
25.55,37.2,15.63,0.61,High
25.36,5.7,18.62,0.48,Extreme
19.77,69.6,4.92,1.19,Moderate
42.32,83.4,11.54,1.92,Moderate
38.1,18.9,5.49,7.52,Extreme
32.89,20.2,16.48,0.21,Extreme
33.57,80.1,0.11,0.08,Low
23.47,63.5,11.3,1.78,Moderate
41.84,9.3,6.78,2.68,Extreme
32.78,64.1,6.45,2.81,Moderate
34.16,34.3,12.9,1.7,High
39.47,40.0,17.03,4.62,High
15.96,78.1,12.18,1.07,Moderate
37.28,82.0,17.06,3.68,Moderate
12.81,43.0,5.29,5.15,Moderate
18.81,95.0,10.39,2.82,Low
18.42,43.6,9.01,0.56,High
44.14,78.3,0.23,0.33,Moderate
39.26,51.0,11.14,1.19,High
33.05,90.3,13.23,0.91,Moderate
34.08,91.2,11.84,3.15,Moderate
27.48,13.3,14.73,0.16,Extreme
42.88,94.0,11.43,0.45,Low
24.85,83.4,1.34,2.09,Low
20.22,80.2,2.33,0.15,Low
11.52,24.1,11.93,0.58,Extreme
36.45,81.5,5.5,0.73,Moderate
34.38,85.8,1.59,1.46,Low
20.37,32.5,8.59,0.26,High
6.01,95.5,11.09,2.96,Low
38.56,9.7,6.57,0.89,Extreme
5.46,19.2,14.41,3.73,High
33.15,56.1,12.88,0.95,High
43.81,59.7,6.66,0.48,Extreme
22.51,66.3,15.1,0.23,Low
14.4,6.6,12.97,0.01,Extreme
33.19,96.2,12.75,1.14,Low
37.69,9.2,11.07,0.17,Extreme
26.86,18.6,0.23,0.75,Extreme
43.68,6.3,13.93,1.33,Extreme
7.07,58.9,7.52,0.48,Low
25.19,93.6,18.85,0.29,Moderate
33.74,68.3,16.36,2.24,High
39.51,83.2,11.75,4.4,Moderate
12.17,6.3,5.04,0.16,High
37.0,56.5,4.07,0.25,Moderate
27.11,48.7,6.81,4.83,Moderate
20.86,52.4,9.53,0.06,High
10.27,11.9,5.92,5.7,High
39.61,70.0,10.3,0.01,Moderate
11.29,52.8,3.31,3.1,Moderate
17.39,77.7,19.55,0.55,Low
16.6,51.1,2.16,4.19,Moderate
39.86,19.2,18.64,0.57,Extreme
